Caviar,https://www.caviar.com
Princess Jewellery,https://www.princessjewellery.com
Cast Iron,https://www.castiron.com
RKS,https://www.rks.com
Polarn O. Pyret,https://www.polarno.pyret.com
Diane von Furstenberg,https://www.dianevonfurstenberg.com
Shakti Shanti,https://www.shaktishanti.com
JACQUELINE de YONG,https://www.jacquelinedeyong.com
NO KA 'OI,https://www.noka'oi.com
Puimentiua,https://www.puimentiua.com
Nubyen,https://www.nubyen.com
RubySparrowDesign,https://www.rubysparrowdesign.com
Luna + Sun,https://www.luna+sun.com
INTOA design,https://www.intoadesign.com
XPLCT Studios,https://www.xplctstudios.com
Piña,https://www.piña.com
Son de Flor,https://www.sondeflor.com
Il Bisonte,https://www.ilbisonte.com
AW Lab,https://www.awlab.com
EQUALAND,https://www.equaland.com
Fair Harbor,https://www.fairharbor.com
Passion Lilie,https://www.passionlilie.com
Sofia Cardoni,https://www.sofiacardoni.com
Heart's Desire Clothing,https://www.heart'sdesireclothing.com
R H U D E,https://www.rhude.com
WALD Berlin,https://www.waldberlin.com
wunderwerk,https://www.wunderwerk.com
Permanent Vacation,https://www.permanentvacation.com
Troubadour,https://www.troubadour.com
Fur Deluxe,https://www.furdeluxe.com
ALMOST THERE,https://www.almostthere.com
Aaizél,https://www.aaizél.com
ÖGON Design,https://www.ögondesign.com
Up-Fuse,https://www.up-fuse.com
Loop Swim,https://www.loopswim.com
Hermina Athens,https://www.herminaathens.com
Lyndsey Clark Boutique,https://www.lyndseyclarkboutique.com
ASSOS,https://www.assos.com
Krisa,https://www.krisa.com
Kenny S.,https://www.kennys..com
Ultrabasic,https://www.ultrabasic.com
EDITED,https://www.edited.com
Natalie Perry,https://www.natalieperry.com
Big Boy Bamboo,https://www.bigboybamboo.com
Veldskoen,https://www.veldskoen.com
Ylistyle,https://www.ylistyle.com
Go OM Yourself,https://www.goomyourself.com
Gnom Enterprises,https://www.gnomenterprises.com
Wax London,https://www.waxlondon.com
One Vintage,https://www.onevintage.com
King & Tuckfield,https://www.king&tuckfield.com
Alighieri,https://www.alighieri.com
Little Man Happy,https://www.littlemanhappy.com
Elizabeth Suzann Studio,https://www.elizabethsuzannstudio.com
BOHO YAŞAM,https://www.bohoyaşam.com
Flamingos' Life,https://www.flamingos'life.com
The Very Good Bra,https://www.theverygoodbra.com
Di Lewis,https://www.dilewis.com
Digital Pharaoh,https://www.digitalpharaoh.com
First Lady Firenze,https://www.firstladyfirenze.com
Port de Bras,https://www.portdebras.com
Eastpak,https://www.eastpak.com
GmbH,https://www.gmbh.com
True Tribe,https://www.truetribe.com
Go Sport,https://www.gosport.com
VegasRabbitClothing,https://www.vegasrabbitclothing.com
AZ FACTORY,https://www.azfactory.com
éclipse,https://www.éclipse.com
UGG,https://www.ugg.com
Polished Prints,https://www.polishedprints.com
LTH JKT,https://www.lthjkt.com
Cinnao,https://www.cinnao.com
Zapa,https://www.zapa.com
Mata Traders,https://www.matatraders.com
BITE,https://www.bite.com
eye for three,https://www.eyeforthree.com
Aeta,https://www.aeta.com
Glitter,https://www.glitter.com
Le Petit Trou,https://www.lepetittrou.com
BLACK WHITE BEIGE,https://www.blackwhitebeige.com
Tatti Chic,https://www.tattichic.com
El Naturalista,https://www.elnaturalista.com
Pig and Hen,https://www.pigandhen.com
Studio 8 by Phase Eight,https://www.studio8byphaseeight.com
Gymshark,https://www.gymshark.com
Rocio Canvas,https://www.rociocanvas.com
XLARGE,https://www.xlarge.com
Bella | Ha,https://www.bella|ha.com
Aeronautica Militare,https://www.aeronauticamilitare.com
Hemen Biarritz,https://www.hemenbiarritz.com
Meadowlark,https://www.meadowlark.com
July Twenty,https://www.julytwenty.com
Rens,https://www.rens.com
Oliver Logan,https://www.oliverlogan.com
Nu Swim,https://www.nuswim.com
Sealand,https://www.sealand.com
Pressio,https://www.pressio.com
Umbro,https://www.umbro.com
Glassons,https://www.glassons.com
Kalaurie,https://www.kalaurie.com
Ultras Sportswear,https://www.ultrassportswear.com
AKOIASWIM,https://www.akoiaswim.com
Hey Gang,https://www.heygang.com
All The Wild Roses,https://www.allthewildroses.com
Twenty Montreal,https://www.twentymontreal.com
MSGM,https://www.msgm.com
Rice & Carry,https://www.rice&carry.com
Kingsley Heath,https://www.kingsleyheath.com
Melissa,https://www.melissa.com
Ulla Popken,https://www.ullapopken.com
NK Store,https://www.nkstore.com
Nudie Jeans,https://www.nudiejeans.com
Touch Me Not,https://www.touchmenot.com
Ruby Tuesday,https://www.rubytuesday.com
IZIA,https://www.izia.com
À La Garçonne,https://www.àlagarçonne.com
Tbalance,https://www.tbalance.com
O My Bag,https://www.omybag.com
Oliver Designs,https://www.oliverdesigns.com
Avarcas Menorquinas,https://www.avarcasmenorquinas.com
Yöli & Otis,https://www.yöli&otis.com
LEMOWE,https://www.lemowe.com
Three Peaks Clothing,https://www.threepeaksclothing.com
ZAPSHOP,https://www.zapshop.com
YAHKI,https://www.yahki.com
Nette Rose,https://www.netterose.com
SMR Days,https://www.smrdays.com
V.GAN,https://www.v.gan.com
Express,https://www.express.com
YU STEPANEL,https://www.yustepanel.com
SINBONO,https://www.sinbono.com
Van Lier,https://www.vanlier.com
Park & Fifth Clothing Co,https://www.park&fifthclothingco.com
Kari Traa,https://www.karitraa.com
VERMONT,https://www.vermont.com
ilovemixtapes,https://www.ilovemixtapes.com
Vigo Swim,https://www.vigoswim.com
Tri Colour Federation,https://www.tricolourfederation.com
Horizon Athletic,https://www.horizonathletic.com
Q for Quinn,https://www.qforquinn.com
Rachel Silk,https://www.rachelsilk.com
Martina Pipková Loudová,https://www.martinapipkováloudová.com
Yu Mei,https://www.yumei.com
Petit Kouraj,https://www.petitkouraj.com
Tonn,https://www.tonn.com
Better World Fashion,https://www.betterworldfashion.com
ekn footwear,https://www.eknfootwear.com
Piccalilly,https://www.piccalilly.com
NZA New Zealand Auckland,https://www.nzanewzealandauckland.com
GURU mtp,https://www.gurumtp.com
WTAPS,https://www.wtaps.com
Bozena Jankowska,https://www.bozenajankowska.com
Mission Thread Clothing,https://www.missionthreadclothing.com
Ukiyo,https://www.ukiyo.com
Mazador,https://www.mazador.com
Where Does It Come From?,https://www.wheredoesitcomefrom?.com
LFDL,https://www.lfdl.com
Maggie Marilyn,https://www.maggiemarilyn.com
Velocio,https://www.velocio.com
Klimatsakis,https://www.klimatsakis.com
DUER,https://www.duer.com
YEPREM,https://www.yeprem.com
Parkhurst,https://www.parkhurst.com
Eat Your Water,https://www.eatyourwater.com
Didriksons,https://www.didriksons.com
NAGNATA,https://www.nagnata.com
dk active,https://www.dkactive.com
Natalie Therése,https://www.natalietherése.com
A.D.S.R,https://www.a.d.s.r.com
Velvet Heartbeat,https://www.velvetheartbeat.com
U.Mi-1,https://www.u.mi-1.com
Brothers We Stand,https://www.brotherswestand.com
PSYLO,https://www.psylo.com
Svala,https://www.svala.com
Yuki Threads,https://www.yukithreads.com
Nina Ricci,https://www.ninaricci.com
Nurture The Nest,https://www.nurturethenest.com
Petit Bateau,https://www.petitbateau.com
Helly Hansen,https://www.hellyhansen.com
Thompson Tee,https://www.thompsontee.com
Ōshadi,https://www.ōshadi.com
Ngali,https://www.ngali.com
Akala,https://www.akala.com
IDKIDS,https://www.idkids.com
CynXLA,https://www.cynxla.com
Bhumi,https://www.bhumi.com
Kuyichi,https://www.kuyichi.com
BEEN London,https://www.beenlondon.com
LE PHIL,https://www.lephil.com
ARMEDANGELS,https://www.armedangels.com
Café du Cycliste,https://www.caféducycliste.com
Luiza Botto,https://www.luizabotto.com
Dedicated,https://www.dedicated.com
Laura Elizabeth Jewelry,https://www.lauraelizabethjewelry.com
Ekta Helsinki,https://www.ektahelsinki.com
Adelaide C. Ecoage,https://www.adelaidec.ecoage.com
MYMARINI,https://www.mymarini.com
Designers Remix,https://www.designersremix.com
Sylven New York,https://www.sylvennewyork.com
Laflore Paris,https://www.lafloreparis.com
Gergana Ivanova,https://www.gerganaivanova.com
Buffalo London,https://www.buffalolondon.com
Monica + Andy,https://www.monica+andy.com
JOLLEO,https://www.jolleo.com
Eroke,https://www.eroke.com
La Manso,https://www.lamanso.com
Maria Aguyé,https://www.mariaaguyé.com
Unbelts,https://www.unbelts.com
Adriana Degreas,https://www.adrianadegreas.com
Petit Pli,https://www.petitpli.com
Lazy Oaf,https://www.lazyoaf.com
WITH SENSE,https://www.withsense.com
Aster & Oak,https://www.aster&oak.com
Apple Oak Fibre Works,https://www.appleoakfibreworks.com
Mireia Playà,https://www.mireiaplayà.com
Celtic & Co,https://www.celtic&co.com
rrrrrrrrr,https://www.rrrrrrrrr.com
IDI CLOTHING,https://www.idiclothing.com
MANDALA,https://www.mandala.com
Vintique Custom Design,https://www.vintiquecustomdesign.com
Tommy & Lottie,https://www.tommy&lottie.com
FTC Cashmere,https://www.ftccashmere.com
NV London Calcutta,https://www.nvlondoncalcutta.com
Feners,https://www.feners.com
Thebesttailor,https://www.thebesttailor.com
Plant Faced Clothing,https://www.plantfacedclothing.com
Saalt,https://www.saalt.com
Zign,https://www.zign.com
Harriet Morris,https://www.harrietmorris.com
MDNT:45,https://www.mdnt:45.com
Genesis Footwear,https://www.genesisfootwear.com
OVERCOAT,https://www.overcoat.com
ZUThats,https://www.zuthats.com
Flare Street,https://www.flarestreet.com
Daniel & Bob,https://www.daniel&bob.com
Antonia Zander,https://www.antoniazander.com
Delayne Dixon,https://www.delaynedixon.com
AG Jeans,https://www.agjeans.com
TWO WOMEN TWO MEN,https://www.twowomentwomen.com
Jenny Yoo,https://www.jennyyoo.com
Stepney Workers Club,https://www.stepneyworkersclub.com
Swedish Stockings,https://www.swedishstockings.com
281Z,https://www.281z.com
Volcom,https://www.volcom.com
The English Hatter,https://www.theenglishhatter.com
Any Di Munich,https://www.anydimunich.com
go as u.r,https://www.goasu.r.com
Ambiletics,https://www.ambiletics.com
Eco Intimates,https://www.ecointimates.com
AFS Schuhe,https://www.afsschuhe.com
Gung Ho Design,https://www.gunghodesign.com
Omdl Coastal,https://www.omdlcoastal.com
somwr,https://www.somwr.com
DKNY,https://www.dkny.com
Darn Good Yarn,https://www.darngoodyarn.com
Björn Borg,https://www.björnborg.com
Superdry,https://www.superdry.com
Dr. Martens,https://www.dr.martens.com
Sylvia P Sportswear,https://www.sylviapsportswear.com
Sandqvist,https://www.sandqvist.com
Seea,https://www.seea.com
Anne Hermine,https://www.annehermine.com
Aventura,https://www.aventura.com
Biankina,https://www.biankina.com
Blue de Gênes,https://www.bluedegênes.com
Aatise,https://www.aatise.com
FUB,https://www.fub.com
Treelance Yoga,https://www.treelanceyoga.com
Li Parie,https://www.liparie.com
Cyberoptix,https://www.cyberoptix.com
MP Massimo Piombo,https://www.mpmassimopiombo.com
Kwaidan Editions,https://www.kwaidaneditions.com
Thinking MU,https://www.thinkingmu.com
SilkGenie,https://www.silkgenie.com
ETQ,https://www.etq.com
Krack,https://www.krack.com
APM MONACO,https://www.apmmonaco.com
The Athlete's Foot,https://www.theathlete'sfoot.com
KRAKATAU,https://www.krakatau.com
Charli Cohen,https://www.charlicohen.com
Fulton,https://www.fulton.com
Licia Florio,https://www.liciaflorio.com
VAUDE,https://www.vaude.com
Tatinbags,https://www.tatinbags.com
Londre Bodywear,https://www.londrebodywear.com
Xiao Wang,https://www.xiaowang.com
Lourdes New York,https://www.lourdesnewyork.com
Tobias Fonseca,https://www.tobiasfonseca.com
VRAI,https://www.vrai.com
Farago The Label,https://www.faragothelabel.com
Estilé,https://www.estilé.com
Dimples,https://www.dimples.com
Agatha,https://www.agatha.com
Smycka,https://www.smycka.com
hippirhino,https://www.hippirhino.com
Kzeniya,https://www.kzeniya.com
Ninety Percent,https://www.ninetypercent.com
Onyx and Green,https://www.onyxandgreen.com
Mordenmiss,https://www.mordenmiss.com
Kyte BABY,https://www.kytebaby.com
Siglo XXI,https://www.sigloxxi.com
MIUSA,https://www.miusa.com
PORTS V,https://www.portsv.com
Holly Ryan,https://www.hollyryan.com
LA MANIA,https://www.lamania.com
WRDMRK,https://www.wrdmrk.com
Arrels Barcelona,https://www.arrelsbarcelona.com
Toby Tiger,https://www.tobytiger.com
relax baby be cool,https://www.relaxbabybecool.com
GARY MASH,https://www.garymash.com
ADAY,https://www.aday.com
Amadeus,https://www.amadeus.com
Jungle Folk,https://www.junglefolk.com
urbancoolab,https://www.urbancoolab.com
YUEQI QI,https://www.yueqiqi.com
MUD Jeans,https://www.mudjeans.com
White House Black Market,https://www.whitehouseblackmarket.com
Schöffel,https://www.schöffel.com
Swim Against,https://www.swimagainst.com
CQ Claudia Quintero,https://www.cqclaudiaquintero.com
ANIA KRUK,https://www.aniakruk.com
Oddbird,https://www.oddbird.com
Isleñas,https://www.isleñas.com
NAE Vegan Shoes,https://www.naeveganshoes.com
Andrea Bogosian,https://www.andreabogosian.com
wynken,https://www.wynken.com
iQ UV,https://www.iquv.com
Mightly,https://www.mightly.com
Nine West,https://www.ninewest.com
No Excess,https://www.noexcess.com
Ivey Abitz,https://www.iveyabitz.com
Alex M. Lynch,https://www.alexm.lynch.com
WATCH & DIAMONDS,https://www.watch&diamonds.com
Natalie Rolt,https://www.natalierolt.com
Kampos,https://www.kampos.com
Philosophy di Lorenzo Serafini,https://www.philosophydilorenzoserafini.com
Chucker Fly Apparel,https://www.chuckerflyapparel.com
Atlantis,https://www.atlantis.com
United By Blue,https://www.unitedbyblue.com
Norden,https://www.norden.com
SimpleLinenLife,https://www.simplelinenlife.com
Citizens of Humanity,https://www.citizensofhumanity.com
Fioboc,https://www.fioboc.com
Eating the Goober,https://www.eatingthegoober.com
Bianca Saunders,https://www.biancasaunders.com
Kiki De Montparnasse,https://www.kikidemontparnasse.com
Two Little Beans & Co,https://www.twolittlebeans&co.com
The Good Tee,https://www.thegoodtee.com
Sorella Organics,https://www.sorellaorganics.com
émoi émoi,https://www.émoiémoi.com
Apart,https://www.apart.com
Silvia Tcherassi,https://www.silviatcherassi.com
CQ Couture,https://www.cqcouture.com
Kendall + Kylie,https://www.kendall+kylie.com
Le Tanneur,https://www.letanneur.com
Tomorrow Denim,https://www.tomorrowdenim.com
Paul Smith,https://www.paulsmith.com
Wear London,https://www.wearlondon.com
IanaLana,https://www.ianalana.com
Aware...the social design project,https://www.aware...thesocialdesignproject.com
GU,https://www.gu.com
Alice + Olivia,https://www.alice+olivia.com
Linenfox,https://www.linenfox.com
De Beers Jewellers,https://www.debeersjewellers.com
IKKS,https://www.ikks.com
Lefrik,https://www.lefrik.com
Quince,https://www.quince.com
EDEN power corp,https://www.edenpowercorp.com
Stella McCartney,https://www.stellamccartney.com
Lapuan Kankurit,https://www.lapuankankurit.com
Will's Vegan Store,https://www.will'sveganstore.com
MATONA,https://www.matona.com
Kapten & Son,https://www.kapten&son.com
Fête Impériale,https://www.fêteimpériale.com
Thief&Bandit,https://www.thief&bandit.com
Amber Days,https://www.amberdays.com
Cuyana,https://www.cuyana.com
Cork Culture,https://www.corkculture.com
Maria La Rosa,https://www.marialarosa.com
Melissa Odabash,https://www.melissaodabash.com
Pour Les Femmes,https://www.pourlesfemmes.com
Myrrhia Fine Knitwear,https://www.myrrhiafineknitwear.com
Circle Creations,https://www.circlecreations.com
I was a Sari,https://www.iwasasari.com
Level 99 Jeans,https://www.level99jeans.com
Patrick McDowell,https://www.patrickmcdowell.com
Grounded Factory,https://www.groundedfactory.com
IPPOLITA,https://www.ippolita.com
Of Her Own Kind,https://www.ofherownkind.com
Vekem,https://www.vekem.com
zero waste daniel,https://www.zerowastedaniel.com
Ivan Troy,https://www.ivantroy.com
Lezat,https://www.lezat.com
Tu Lizé,https://www.tulizé.com
Oksana Fine Art and Design,https://www.oksanafineartanddesign.com
Nightswim,https://www.nightswim.com
Fred Perry,https://www.fredperry.com
Classic Cotton Co,https://www.classiccottonco.com
Safal Kids,https://www.safalkids.com
Elliss,https://www.elliss.com
Mars Loves Her,https://www.marslovesher.com
liluyc,https://www.liluyc.com
Regatta,https://www.regatta.com
Rock On Ruby,https://www.rockonruby.com
ESP,https://www.esp.com
VEERAH,https://www.veerah.com
Catarina Mina,https://www.catarinamina.com
Bromen,https://www.bromen.com
Zola Africa,https://www.zolaafrica.com
Maya's Ideas,https://www.maya'sideas.com
OzSports,https://www.ozsports.com
Nonna Lietta,https://www.nonnalietta.com
GrandmasLittleLilly,https://www.grandmaslittlelilly.com
Dinoski,https://www.dinoski.com
Facil Blanco,https://www.facilblanco.com
Womsh,https://www.womsh.com
Lilian von Trapp,https://www.lilianvontrapp.com
IXIAH,https://www.ixiah.com
Loom,https://www.loom.com
For Horses,https://www.forhorses.com
AWAN,https://www.awan.com
La Senza,https://www.lasenza.com
DAWN Denim,https://www.dawndenim.com
Ecologie by AWDis,https://www.ecologiebyawdis.com
OhSevenDays,https://www.ohsevendays.com
HARA the label,https://www.harathelabel.com
Divine,https://www.divine.com
Noonday Collection,https://www.noondaycollection.com
ÉTICA,https://www.ética.com
Foschini,https://www.foschini.com
Kitikate,https://www.kitikate.com
Royal Apparel,https://www.royalapparel.com
Aks,https://www.aks.com
VIHE,https://www.vihe.com
Bared Footwear,https://www.baredfootwear.com
Tan Hephaestus,https://www.tanhephaestus.com
Fenella Smith,https://www.fenellasmith.com
ZALIE,https://www.zalie.com
Ethletic,https://www.ethletic.com
LoveLux,https://www.lovelux.com
Sami Miro Vintage,https://www.samimirovintage.com
Olmsted Outerwear,https://www.olmstedouterwear.com
Anchal,https://www.anchal.com
Sydney Evan,https://www.sydneyevan.com
Natasha Zinko,https://www.natashazinko.com
EPTM.,https://www.eptm..com
Darzah,https://www.darzah.com
Mantas Ezcaray,https://www.mantasezcaray.com
Baiia,https://www.baiia.com
Cynthia Rowley,https://www.cynthiarowley.com
Embassy of Bricks and Logs,https://www.embassyofbricksandlogs.com
Elk,https://www.elk.com
Joe's Toes,https://www.joe'stoes.com
Yes Friends,https://www.yesfriends.com
Orbasics,https://www.orbasics.com
TERAS,https://www.teras.com
Zazi,https://www.zazi.com
Kiku Boutique,https://www.kikuboutique.com
eko-banz,https://www.eko-banz.com
Unrobe,https://www.unrobe.com
KARA,https://www.kara.com
Sevya,https://www.sevya.com
Mestiza New York,https://www.mestizanewyork.com
Foot Locker Kids,https://www.footlockerkids.com
The Eastern Loom,https://www.theeasternloom.com
Uma Wang,https://www.umawang.com
Lisa Yang,https://www.lisayang.com
Azulu,https://www.azulu.com
AZUL BY MOUSSY,https://www.azulbymoussy.com
Betina de Luca,https://www.betinadeluca.com
Neu Nomads,https://www.neunomads.com
Ayten Gasson,https://www.aytengasson.com
Old Linen Mill,https://www.oldlinenmill.com
T.M. Lewin,https://www.t.m.lewin.com
arch4,https://www.arch4.com
Victoria Beckham,https://www.victoriabeckham.com
Modibodi,https://www.modibodi.com
Citizen Wolf,https://www.citizenwolf.com
Dreamy London Jewellery,https://www.dreamylondonjewellery.com
MOOYYY,https://www.mooyyy.com
Clubhouse Vintage,https://www.clubhousevintage.com
NK,https://www.nk.com
Sfera,https://www.sfera.com
Warriors of the Divine,https://www.warriorsofthedivine.com
East Harbour Surplus,https://www.eastharboursurplus.com
Little Pitterpat,https://www.littlepitterpat.com
SukkhaCitta,https://www.sukkhacitta.com
BJ’s PJ’s,https://www.bj’spj’s.com
Ruhe,https://www.ruhe.com
FME Apparel,https://www.fmeapparel.com
Tripulse,https://www.tripulse.com
Biehler,https://www.biehler.com
The White Ribbon,https://www.thewhiteribbon.com
JEM,https://www.jem.com
De Couture,https://www.decouture.com
Ales Grey,https://www.alesgrey.com
Oeuf,https://www.oeuf.com
WWAKE,https://www.wwake.com
Maria Queen Maria,https://www.mariaqueenmaria.com
Untold Jewellery,https://www.untoldjewellery.com
American Eagle,https://www.americaneagle.com
Opera Campi,https://www.operacampi.com
Phyne,https://www.phyne.com
SLEEPY JONES,https://www.sleepyjones.com
Pala Eyewear,https://www.palaeyewear.com
EQUIPMENT,https://www.equipment.com
Dachstein,https://www.dachstein.com
Anna van Toor,https://www.annavantoor.com
Oliver Sweeney,https://www.oliversweeney.com
Custom Ink,https://www.customink.com
Raven + Lily,https://www.raven+lily.com
With Love 4 Kids,https://www.withlove4kids.com
Human Nation,https://www.humannation.com
Engel,https://www.engel.com
Le Kasha,https://www.lekasha.com
Vitamin A,https://www.vitamina.com
Oscar Jacobson,https://www.oscarjacobson.com
CULTURE,https://www.culture.com
Canadian Outdoor Equipment Co.,https://www.canadianoutdoorequipmentco..com
THAT GORILLA BRAND,https://www.thatgorillabrand.com
Collectif London,https://www.collectiflondon.com
UASHMAMA,https://www.uashmama.com
Ginger & Smart,https://www.ginger&smart.com
Under The Nile,https://www.underthenile.com
Teatum Jones,https://www.teatumjones.com
Paris Georgia,https://www.parisgeorgia.com
Apatchy,https://www.apatchy.com
DillySocks,https://www.dillysocks.com
LaBante,https://www.labante.com
Les Fees Du Vent,https://www.lesfeesduvent.com
Les Récupérables,https://www.lesrécupérables.com
The Simple Folk,https://www.thesimplefolk.com
De Osu,https://www.deosu.com
CTWLK.,https://www.ctwlk..com
Kent & Curwen,https://www.kent&curwen.com
Lilac Limited Crochet,https://www.lilaclimitedcrochet.com
Elvis & Kresse,https://www.elvis&kresse.com
Zig+Star,https://www.zig+star.com
Joaillerie Guerin,https://www.joaillerieguerin.com
ABOUT YOU,https://www.aboutyou.com
FUGU,https://www.fugu.com
J.Lindeberg,https://www.j.lindeberg.com
SDG EastLondon,https://www.sdgeastlondon.com
PYUA,https://www.pyua.com
MIMIKRI,https://www.mimikri.com
Afends,https://www.afends.com
CTC Clothing,https://www.ctcclothing.com
Wallis Evera,https://www.wallisevera.com
Wouf,https://www.wouf.com
DAY ET,https://www.dayet.com
FRAY I.D,https://www.frayi.d.com
10DAYS,https://www.10days.com
Amazula,https://www.amazula.com
Viverano,https://www.viverano.com
Marie Jo,https://www.mariejo.com
GILDA & PEARL,https://www.gilda&pearl.com
DNA Amsterdam,https://www.dnaamsterdam.com
Fynch-Hatton,https://www.fynch-hatton.com
FCUK,https://www.fcuk.com
A.BCH,https://www.a.bch.com
Lounge Nine,https://www.loungenine.com
El Corte Inglés,https://www.elcorteinglés.com
Emma Warren,https://www.emmawarren.com
Earth Baby Outfitters,https://www.earthbabyoutfitters.com
Boll & Branch,https://www.boll&branch.com
Ecoology,https://www.ecoology.com
Little Nature Lover,https://www.littlenaturelover.com
Hope & Ivy,https://www.hope&ivy.com
VAN GRAAF,https://www.vangraaf.com
Lemondose,https://www.lemondose.com
BY FAR,https://www.byfar.com
La Ligne,https://www.laligne.com
Yohji Yamamoto,https://www.yohjiyamamoto.com
HUND HUND,https://www.hundhund.com
Unseen footwear,https://www.unseenfootwear.com
JD Sports,https://www.jdsports.com
Eternal Leather Goods,https://www.eternalleathergoods.com
Syster P,https://www.systerp.com
Unhidden,https://www.unhidden.com
St Andrews,https://www.standrews.com
Darry Ring,https://www.darryring.com
Xocoi,https://www.xocoi.com
Fashion Goose Boutique,https://www.fashiongooseboutique.com
village thrive,https://www.villagethrive.com
Kevin O'Brien Studio,https://www.kevino'brienstudio.com
Benga Rabbit,https://www.bengarabbit.com
Almahats,https://www.almahats.com
Lapin House,https://www.lapinhouse.com
Desmond & Dempsey,https://www.desmond&dempsey.com
Neem,https://www.neem.com
Oysho,https://www.oysho.com
ANTTI,https://www.antti.com
Kerbholz,https://www.kerbholz.com
ASUYAMA,https://www.asuyama.com
Lucy & Yak,https://www.lucy&yak.com
YNGR,https://www.yngr.com
YAECA,https://www.yaeca.com
Fe Noel,https://www.fenoel.com
Humbl Hustlr,https://www.humblhustlr.com
Dr. Scholls Shoes,https://www.dr.schollsshoes.com
All About Eve,https://www.allabouteve.com
NOT OURS,https://www.notours.com
West Activewear,https://www.westactivewear.com
Finisterre,https://www.finisterre.com
Zippy,https://www.zippy.com
PHOEBE PHILO,https://www.phoebephilo.com
Organic Zoo,https://www.organiczoo.com
KORALI,https://www.korali.com
RÆBURN,https://www.ræburn.com
Zoe Karssen,https://www.zoekarssen.com
Justina Faith Creations,https://www.justinafaithcreations.com
Project X Paris,https://www.projectxparis.com
Lottie HALL,https://www.lottiehall.com
Little Co. by Lauren Conrad,https://www.littleco.bylaurenconrad.com
Triola,https://www.triola.com
DANIEL PATRICK,https://www.danielpatrick.com
WSLY,https://www.wsly.com
Petits Vilains,https://www.petitsvilains.com
Felisi,https://www.felisi.com
Omibia,https://www.omibia.com
Chillax,https://www.chillax.com
ANCHOR & CREW,https://www.anchor&crew.com
Urban Medley,https://www.urbanmedley.com
L.B.M. 1911,https://www.l.b.m.1911.com
Pine Cashmere,https://www.pinecashmere.com
Honest Basics,https://www.honestbasics.com
Kalamargam,https://www.kalamargam.com
Jillian Boustred,https://www.jillianboustred.com
ADER,https://www.ader.com
Velveteen,https://www.velveteen.com
Kordal Studio,https://www.kordalstudio.com
Martine ROSE,https://www.martinerose.com
RŪPAHAUS,https://www.rūpahaus.com
Kulture,https://www.kulture.com
27Kids,https://www.27kids.com
Artichoke,https://www.artichoke.com
amaud,https://www.amaud.com
Mlouye,https://www.mlouye.com
Just Bee Queen,https://www.justbeequeen.com
Mworks,https://www.mworks.com
Terra Thread,https://www.terrathread.com
Uhr,https://www.uhr.com
VOR,https://www.vor.com
Coq en Pâte,https://www.coqenpâte.com
Bleue Burnham,https://www.bleueburnham.com
Frankie and Coco PDX,https://www.frankieandcocopdx.com
Mighty Good Basics,https://www.mightygoodbasics.com
Bestie Apparel,https://www.bestieapparel.com
Devotion TWINS,https://www.devotiontwins.com
PME Legend,https://www.pmelegend.com
Club L London,https://www.clubllondon.com
ThokkThokk,https://www.thokkthokk.com
IKAZZ,https://www.ikazz.com
Alchemist,https://www.alchemist.com
Miles Culture,https://www.milesculture.com
Qeelin,https://www.qeelin.com
MPG Sport,https://www.mpgsport.com
Continew,https://www.continew.com
Enter the E,https://www.enterthee.com
Colorful Standard,https://www.colorfulstandard.com
GEORGES,https://www.georges.com
Big W,https://www.bigw.com
Edge of Ember,https://www.edgeofember.com
Away,https://www.away.com
Organic Crew,https://www.organiccrew.com
Twinset,https://www.twinset.com
Unreal Fur,https://www.unrealfur.com
Noé & Zoë Berlin,https://www.noé&zoëberlin.com
Deer&Dear,https://www.deer&dear.com
Cooper Lee Creations,https://www.cooperleecreations.com
Oliberté,https://www.oliberté.com
apart by lowrys,https://www.apartbylowrys.com
Variously,https://www.variously.com
SNAP,https://www.snap.com
Vans,https://www.vans.com
WRONG WEATHER,https://www.wrongweather.com
Johnstons of Elgin,https://www.johnstonsofelgin.com
Arms of Andes,https://www.armsofandes.com
The Classic T-Shirt Company,https://www.theclassict-shirtcompany.com
LLOYD,https://www.lloyd.com
LVIR,https://www.lvir.com
Arnhem,https://www.arnhem.com
Manuela Henriques,https://www.manuelahenriques.com
FUMIKA_UCHIDA,https://www.fumika_uchida.com
MINI A TURE,https://www.miniature.com
Jones,https://www.jones.com
unspun,https://www.unspun.com
Natascha von Hirschhausen,https://www.nataschavonhirschhausen.com
hernest project,https://www.hernestproject.com
Odette e Odile,https://www.odetteeodile.com
Primark,https://www.primark.com
GreenBomb,https://www.greenbomb.com
Idle,https://www.idle.com
OLYMPIAH,https://www.olympiah.com
DOGO,https://www.dogo.com
Alkemie,https://www.alkemie.com
goodtrip,https://www.goodtrip.com
Ksubi,https://www.ksubi.com
Akris,https://www.akris.com
Jhalani and Sons,https://www.jhalaniandsons.com
Calle Del Mar,https://www.calledelmar.com
The Book Club,https://www.thebookclub.com
Jasper Hearts Wren,https://www.jasperheartswren.com
Le Club Original,https://www.lecluboriginal.com
SILENT WAVE INDIGO,https://www.silentwaveindigo.com
YUUL YIE,https://www.yuulyie.com
Cus,https://www.cus.com
Circle Sportswear,https://www.circlesportswear.com
FIRST BASE,https://www.firstbase.com
Windsor Lane,https://www.windsorlane.com
Pippa Holt,https://www.pippaholt.com
Felius for Dogs,https://www.feliusfordogs.com
The Blue Suit,https://www.thebluesuit.com
SHEIN,https://www.shein.com
Maria Tailor,https://www.mariatailor.com
Rokit Vintage,https://www.rokitvintage.com
Polo Club St Martin,https://www.poloclubstmartin.com
RtA,https://www.rta.com
MAISON AIDA,https://www.maisonaida.com
Ulysse Nardin,https://www.ulyssenardin.com
loud + proud,https://www.loud+proud.com
Hozen,https://www.hozen.com
AndAll,https://www.andall.com
Endless Joy,https://www.endlessjoy.com
LIMI feu,https://www.limifeu.com
Paperthinks,https://www.paperthinks.com
Awave Awake,https://www.awaveawake.com
Merino Kids,https://www.merinokids.com
Turtledove London,https://www.turtledovelondon.com
KATTAN,https://www.kattan.com
ZOU XOU,https://www.zouxou.com
Aran Sweater Market,https://www.aransweatermarket.com
The White Briefs,https://www.thewhitebriefs.com
GuanAnAn London,https://www.guanananlondon.com
Otherwise,https://www.otherwise.com
Juwelier van Koningsbruggen,https://www.juweliervankoningsbruggen.com
Big Bud Press,https://www.bigbudpress.com
NORBA,https://www.norba.com
SALAMANDER,https://www.salamander.com
Burgeon Outdoor,https://www.burgeonoutdoor.com
Rio De Sol,https://www.riodesol.com
Nina Rein,https://www.ninarein.com
Indego Africa,https://www.indegoafrica.com
Ulvang,https://www.ulvang.com
Young Poets Society,https://www.youngpoetssociety.com
RESAP Paris,https://www.resapparis.com
Loose Riders,https://www.looseriders.com
Pilgrim Clothing,https://www.pilgrimclothing.com
Erin Draper,https://www.erindraper.com
Olistic the Label,https://www.olisticthelabel.com
Cingomma,https://www.cingomma.com
MS Mode,https://www.msmode.com
Rapanui,https://www.rapanui.com
Dune London,https://www.dunelondon.com
Bo Doir,https://www.bodoir.com
Each Other,https://www.eachother.com
The Artful Mitten,https://www.theartfulmitten.com
IZAYLA,https://www.izayla.com
AOKI,https://www.aoki.com
Girlfriend Collective,https://www.girlfriendcollective.com
AARVEN,https://www.aarven.com
UCHINO,https://www.uchino.com
Mise au Green,https://www.miseaugreen.com
ZIMMERMANN,https://www.zimmermann.com
Denina Mártin Collection,https://www.deninamártincollection.com
Búho,https://www.búho.com
7PLIS,https://www.7plis.com
Prairie Underground,https://www.prairieunderground.com
Brava Fabrics,https://www.bravafabrics.com
Eurthlin,https://www.eurthlin.com
Giesswein,https://www.giesswein.com
Universal Zone,https://www.universalzone.com
Also the Bison,https://www.alsothebison.com
la fille d'O,https://www.lafilled'o.com
MB Cork,https://www.mbcork.com
Miss Rose Sister Violet,https://www.missrosesisterviolet.com
Finn + Emma,https://www.finn+emma.com
Happy Haus,https://www.happyhaus.com
RA Attire,https://www.raattire.com
Charles Tyrwhitt,https://www.charlestyrwhitt.com
Zulu & Zephyr,https://www.zulu&zephyr.com
Solstice Kids,https://www.solsticekids.com
AVENIR,https://www.avenir.com
Boux Avenue,https://www.bouxavenue.com
Kenny Parker Label,https://www.kennyparkerlabel.com
Adele Dejak,https://www.adeledejak.com
JW Pei,https://www.jwpei.com
TWOTHIRDS,https://www.twothirds.com
STORY mfg.,https://www.storymfg..com
OBEY,https://www.obey.com
YLIANA YEPEZ,https://www.ylianayepez.com
Janessa Leoné,https://www.janessaleoné.com
Munjoi,https://www.munjoi.com
SO-LE Studio,https://www.so-lestudio.com
Doshi,https://www.doshi.com
OTAZU,https://www.otazu.com
S Threads Boutique,https://www.sthreadsboutique.com
Miga Swimwear,https://www.migaswimwear.com
Styland,https://www.styland.com
La Paz,https://www.lapaz.com
Adelante,https://www.adelante.com
Kozii Swimwear,https://www.koziiswimwear.com
Christina Krämer,https://www.christinakrämer.com
Pye Shirts,https://www.pyeshirts.com
L*SPACE,https://www.l*space.com
JIBS,https://www.jibs.com
NIKIN,https://www.nikin.com
Hugo Boss,https://www.hugoboss.com
OGL,https://www.ogl.com
Thesus,https://www.thesus.com
Lost Property Of London,https://www.lostpropertyoflondon.com
Twentyfour,https://www.twentyfour.com
Abysse,https://www.abysse.com
Ghanda,https://www.ghanda.com
Blutsgeschwister,https://www.blutsgeschwister.com
Oak Meadow Clothing,https://www.oakmeadowclothing.com
Les Coyotes de Paris,https://www.lescoyotesdeparis.com
YesStyle,https://www.yesstyle.com
harly jae,https://www.harlyjae.com
Bambah,https://www.bambah.com
The Spotted Quoll Studio,https://www.thespottedquollstudio.com
Pippa Small,https://www.pippasmall.com
宝島染工 / Takarajima Senkou,https://www.宝島染工/takarajimasenkou.com
Nothing New,https://www.nothingnew.com
Hindbag,https://www.hindbag.com
JAM Clothing,https://www.jamclothing.com
Yuvita Linens,https://www.yuvitalinens.com
fairechild,https://www.fairechild.com
Lelasilk,https://www.lelasilk.com
Mila.Vert,https://www.mila.vert.com
Towa,https://www.towa.com
Allmade,https://www.allmade.com
Ottolinger,https://www.ottolinger.com
The Moonrise Project,https://www.themoonriseproject.com
Urban Originals,https://www.urbanoriginals.com
L'Envers,https://www.l'envers.com
Granelito,https://www.granelito.com
Axess Wallets,https://www.axesswallets.com
Good for Sunday,https://www.goodforsunday.com
The Tiny Closet,https://www.thetinycloset.com
Rick Owens,https://www.rickowens.com
Hanae Mori,https://www.hanaemori.com
ALEEM YUSUF,https://www.aleemyusuf.com
Uma Raquel Davidowicz,https://www.umaraqueldavidowicz.com
Norlha,https://www.norlha.com
PETERSON STOOP,https://www.petersonstoop.com
Vleyn,https://www.vleyn.com
Manufaktura MMS,https://www.manufakturamms.com
Zusss,https://www.zusss.com
blufruit,https://www.blufruit.com
Happy Earth Apparel,https://www.happyearthapparel.com
Milk&Moo,https://www.milk&moo.com
Merry People,https://www.merrypeople.com
mori,https://www.mori.com
Lies Mertens,https://www.liesmertens.com
Ghost,https://www.ghost.com
Aquazzura,https://www.aquazzura.com
Adarche Clothing,https://www.adarcheclothing.com
WNDERKAMMER,https://www.wnderkammer.com
Elena Miro,https://www.elenamiro.com
Gunda Hafner,https://www.gundahafner.com
DUE.,https://www.due..com
Larsson & Jennings,https://www.larsson&jennings.com
Éternel Éphémère,https://www.éterneléphémère.com
Shkoura,https://www.shkoura.com
tennen,https://www.tennen.com
omi crafts,https://www.omicrafts.com
Garçon Français,https://www.garçonfrançais.com
Winter Water Factory,https://www.winterwaterfactory.com
Silou,https://www.silou.com
Adidas by Stella McCartney,https://www.adidasbystellamccartney.com
Pedla,https://www.pedla.com
Stay Wild,https://www.staywild.com
AEANCE,https://www.aeance.com
Mianqa,https://www.mianqa.com
PERLENSAU,https://www.perlensau.com
Amber Goes Green,https://www.ambergoesgreen.com
Esme,https://www.esme.com
TALA,https://www.tala.com
milo+nicki,https://www.milo+nicki.com
RÄTHEL & WOLF,https://www.räthel&wolf.com
FM 669,https://www.fm669.com
Awesome People Store,https://www.awesomepeoplestore.com
Aisle,https://www.aisle.com
HYER GOODS,https://www.hyergoods.com
Opening Ceremony,https://www.openingceremony.com
Magosisters,https://www.magosisters.com
Agnona,https://www.agnona.com
MAISON LES ÉNERVÉS,https://www.maisonlesénervés.com
Muscle Republic,https://www.musclerepublic.com
Osei-Duro,https://www.osei-duro.com
Catwalk Junkie,https://www.catwalkjunkie.com
THE SHOP TK,https://www.theshoptk.com
non,https://www.non.com
sisam,https://www.sisam.com
Osoi,https://www.osoi.com
Zwillingsherz,https://www.zwillingsherz.com
Yoga Jeans,https://www.yogajeans.com
Monkee Genes,https://www.monkeegenes.com
ACBC,https://www.acbc.com
Rowan Grey,https://www.rowangrey.com
AWDis Ecologie,https://www.awdisecologie.com
Umbrella Ink Merch,https://www.umbrellainkmerch.com
Obus,https://www.obus.com
Kmart Australia,https://www.kmartaustralia.com
Loyal E. Paris,https://www.loyale.paris.com
Contessa Volpi,https://www.contessavolpi.com
ReCreate,https://www.recreate.com
Gracemade,https://www.gracemade.com
Chi Chi London,https://www.chichilondon.com
FARM Rio,https://www.farmrio.com
KasuReKids,https://www.kasurekids.com
Samuji,https://www.samuji.com
Mini Rodini,https://www.minirodini.com
Birdsong,https://www.birdsong.com
K-Way,https://www.k-way.com
Jason Wu,https://www.jasonwu.com
Bibico,https://www.bibico.com
PQ,https://www.pq.com
simply grey,https://www.simplygrey.com
Dimitra's Workshop,https://www.dimitra'sworkshop.com
NAGO,https://www.nago.com
ESSEN,https://www.essen.com
Bons baisers de Paname,https://www.bonsbaisersdepaname.com
LOOP WHEELER,https://www.loopwheeler.com
Pure Apparel,https://www.pureapparel.com
Lite Year,https://www.liteyear.com
Viktoria and Woods,https://www.viktoriaandwoods.com
Pyer Moss,https://www.pyermoss.com
Flavia Aranha,https://www.flaviaaranha.com
Linen Fairytales,https://www.linenfairytales.com
YANOWSKA,https://www.yanowska.com
Eleven Everything,https://www.eleveneverything.com
Minimalist,https://www.minimalist.com
Ekeko Crafts,https://www.ekekocrafts.com
Pitti Vintage,https://www.pittivintage.com
Lost in Paris,https://www.lostinparis.com
Eco Tee Co,https://www.ecoteeco.com
YUME,https://www.yume.com
Noah NYC,https://www.noahnyc.com
UomoSport,https://www.uomosport.com
Water Air Industry,https://www.waterairindustry.com
Goddess Gear,https://www.goddessgear.com
J.PRESS,https://www.j.press.com
Rive Droite,https://www.rivedroite.com
D-Mara,https://www.d-mara.com
Sparkling Earth,https://www.sparklingearth.com
Graceful District,https://www.gracefuldistrict.com
KHRISJOY,https://www.khrisjoy.com
Atelier de Famille,https://www.atelierdefamille.com
La Methode,https://www.lamethode.com
Oiselle,https://www.oiselle.com
CYELL,https://www.cyell.com
Beyond Yoga,https://www.beyondyoga.com
Celtic Fusion,https://www.celticfusion.com
Dai Moda,https://www.daimoda.com
alice McCall,https://www.alicemccall.com
Wrangler,https://www.wrangler.com
Gyre,https://www.gyre.com
ANTA,https://www.anta.com
Lyle & Scott,https://www.lyle&scott.com
KOHR,https://www.kohr.com
niLuu,https://www.niluu.com
P.J. Salvage,https://www.p.j.salvage.com
Salt Gypsy,https://www.saltgypsy.com
ZEMNA,https://www.zemna.com
Winter Hill Jewelry,https://www.winterhilljewelry.com
Lisa Marie Fernandez,https://www.lisamariefernandez.com
REMAIN,https://www.remain.com
Parade,https://www.parade.com
Glastonbury Abbey,https://www.glastonburyabbey.com
Zuska Art,https://www.zuskaart.com
Mlavi,https://www.mlavi.com
The Social Studio,https://www.thesocialstudio.com
Wholesome Culture,https://www.wholesomeculture.com
Articles de Paris,https://www.articlesdeparis.com
Mr & Mrs Italy,https://www.mr&mrsitaly.com
Aaiko,https://www.aaiko.com
Vesica Piscis,https://www.vesicapiscis.com
Pure Magnolia,https://www.puremagnolia.com
LA MATERA,https://www.lamatera.com
Khaadi,https://www.khaadi.com
The Terra Tribe,https://www.theterratribe.com
Aje,https://www.aje.com
BYBBA,https://www.bybba.com
Johnny Urban,https://www.johnnyurban.com
Yan Tan,https://www.yantan.com
EQUIVA,https://www.equiva.com
Anthea Crawford,https://www.antheacrawford.com
Tiny Twig,https://www.tinytwig.com
STANLEY/STELLA,https://www.stanley/stella.com
Volley,https://www.volley.com
ALO Diamonds,https://www.alodiamonds.com
Hazel & Folk,https://www.hazel&folk.com
Ternua,https://www.ternua.com
Théla,https://www.théla.com
Gtealife,https://www.gtealife.com
Los Angeles Apparel,https://www.losangelesapparel.com
Gymboree,https://www.gymboree.com
AGMES,https://www.agmes.com
COMME CA,https://www.commeca.com
Organic Basics,https://www.organicbasics.com
Meemoza,https://www.meemoza.com
People Tree,https://www.peopletree.com
SPELL,https://www.spell.com
Ognx,https://www.ognx.com
Seed Heritage,https://www.seedheritage.com
Club Knit,https://www.clubknit.com
Massimo Dutti,https://www.massimodutti.com
EPHEMERA,https://www.ephemera.com
TK Maxx,https://www.tkmaxx.com
Masala Tee,https://www.masalatee.com
TABITHA RINGWOOD,https://www.tabitharingwood.com
CAES,https://www.caes.com
HYKE,https://www.hyke.com
MORI,https://www.mori.com
Vietopia,https://www.vietopia.com
Yellowpelota,https://www.yellowpelota.com
Mantis World,https://www.mantisworld.com
cyroline,https://www.cyroline.com
Elle Evans,https://www.elleevans.com
Khujo,https://www.khujo.com
Stockholm (Surfboard) Club,https://www.stockholm(surfboard)club.com
HVISK,https://www.hvisk.com
Dylan's Tees,https://www.dylan'stees.com
Inis Meáin,https://www.inismeáin.com
Philine of San Francisco,https://www.philineofsanfrancisco.com
Avila,https://www.avila.com
Extreme Cashmere,https://www.extremecashmere.com
Noumenon,https://www.noumenon.com
Filling Pieces,https://www.fillingpieces.com
Fair Indigo,https://www.fairindigo.com
von Holzhausen,https://www.vonholzhausen.com
Kettner,https://www.kettner.com
Soruka,https://www.soruka.com
Evarae,https://www.evarae.com
Satori Wheels,https://www.satoriwheels.com
Aztech Mountain,https://www.aztechmountain.com
TEILOR,https://www.teilor.com
LVHR,https://www.lvhr.com
SAIID KOBEISY,https://www.saiidkobeisy.com
Olaf Hussein,https://www.olafhussein.com
WAHTS,https://www.wahts.com
KJUS,https://www.kjus.com
ecuvo,https://www.ecuvo.com
Groceries Apparel,https://www.groceriesapparel.com
Ethical Earth Store,https://www.ethicalearthstore.com
Elegantees,https://www.elegantees.com
Aura Que,https://www.auraque.com
Hood by Air,https://www.hoodbyair.com
La Botte Gardiane,https://www.labottegardiane.com
EcoRight,https://www.ecoright.com
Dirty Velvet,https://www.dirtyvelvet.com
Gudrun Sjödén,https://www.gudrunsjödén.com
La Femme Roje,https://www.lafemmeroje.com
World Of Crow,https://www.worldofcrow.com
Osklen,https://www.osklen.com
La Relojeria,https://www.larelojeria.com
Whitney Linen,https://www.whitneylinen.com
Ella & Witt,https://www.ella&witt.com
Be Kind Vibes,https://www.bekindvibes.com
L.L.Bean,https://www.l.l.bean.com
Tumble 'N Dry,https://www.tumble'ndry.com
Form and Fold,https://www.formandfold.com
Rudy Jude,https://www.rudyjude.com
Holzweiler,https://www.holzweiler.com
ALPINE PRO,https://www.alpinepro.com
OMNES,https://www.omnes.com
Continent Clothing,https://www.continentclothing.com
VEJA,https://www.veja.com
Triple2,https://www.triple2.com
Reinaldo Lourenço,https://www.reinaldolourenço.com
NUDEA,https://www.nudea.com
IRERI,https://www.ireri.com
Asquith London,https://www.asquithlondon.com
Casa Raki,https://www.casaraki.com
Made In Mexico NY,https://www.madeinmexicony.com
Rose and Myla,https://www.roseandmyla.com
ettitude,https://www.ettitude.com
GuterStoff,https://www.guterstoff.com
Le DangeRouge,https://www.ledangerouge.com
1 People,https://www.1people.com
31 Sons de mode,https://www.31sonsdemode.com
Jack & Jones,https://www.jack&jones.com
David Dunleavy Apparel,https://www.daviddunleavyapparel.com
Nat-2,https://www.nat-2.com
Calvin Klein,https://www.calvinklein.com
Sass Clothing,https://www.sassclothing.com
Renaissance Renaissance,https://www.renaissancerenaissance.com
DL1961,https://www.dl1961.com
Samantha Pleet,https://www.samanthapleet.com
La DoubleJ,https://www.ladoublej.com
Pure Pod,https://www.purepod.com
JW Anderson,https://www.jwanderson.com
Kilomet109,https://www.kilomet109.com
Anna + Nina,https://www.anna+nina.com
Shakti.ism,https://www.shakti.ism.com
The Volon,https://www.thevolon.com
Von Zipper,https://www.vonzipper.com
Derbe,https://www.derbe.com
tehadesigns,https://www.tehadesigns.com
Thaely,https://www.thaely.com
DF,https://www.df.com
Tu Es Mon Tresor,https://www.tuesmontresor.com
ColieCo,https://www.colieco.com
ikka,https://www.ikka.com
The Leather Expert Shop,https://www.theleatherexpertshop.com
MC2 SAINT BARTH,https://www.mc2saintbarth.com
Two Lumps of Sugar,https://www.twolumpsofsugar.com
La Bottega di Brunella,https://www.labottegadibrunella.com
SeamsFriendly,https://www.seamsfriendly.com
David Morris,https://www.davidmorris.com
Purusha People,https://www.purushapeople.com
Forever and a day Intimates,https://www.foreverandadayintimates.com
le coq sportif,https://www.lecoqsportif.com
White Stuff,https://www.whitestuff.com
Lorna Murray,https://www.lornamurray.com
EcoAble,https://www.ecoable.com
NICO,https://www.nico.com
Oy,https://www.oy.com
Cult Gaia,https://www.cultgaia.com
Sydney Brown,https://www.sydneybrown.com
The Knotty Ones,https://www.theknottyones.com
Auria Paris,https://www.auriaparis.com
KHAITE,https://www.khaite.com
Dapper Alice,https://www.dapperalice.com
UB2,https://www.ub2.com
Piu Brand,https://www.piubrand.com
Oblekt,https://www.oblekt.com
Morgan Lane,https://www.morganlane.com
DuchXFashion,https://www.duchxfashion.com
Blonde Gone Rogue,https://www.blondegonerogue.com
Y.A.S,https://www.y.a.s.com
Village Leathers,https://www.villageleathers.com
O.T.A,https://www.o.t.a.com
ChanceChance,https://www.chancechance.com
NR Rapisardi,https://www.nrrapisardi.com
Village Vibe,https://www.villagevibe.com
Leni Swims,https://www.leniswims.com
OAK+FORT,https://www.oak+fort.com
La Boucle,https://www.laboucle.com
Modallica,https://www.modallica.com
Never Fully Dressed,https://www.neverfullydressed.com
RVCA,https://www.rvca.com
Nimble,https://www.nimble.com
BOSA Bodrum Sandals,https://www.bosabodrumsandals.com
Liu Jo,https://www.liujo.com
Bosideng,https://www.bosideng.com
Wandler,https://www.wandler.com
Lonely Kids Club,https://www.lonelykidsclub.com
TJ Indigo Clothing Co,https://www.tjindigoclothingco.com
Wildflo Studio,https://www.wildflostudio.com
Frank Darling,https://www.frankdarling.com
OLOW,https://www.olow.com
ZLATOKOV,https://www.zlatokov.com
Amir Slama,https://www.amirslama.com
Baum und Pferdgarten,https://www.baumundpferdgarten.com
Ziggy Denim,https://www.ziggydenim.com
Mugambo Fashion,https://www.mugambofashion.com
Chelsea Bravo,https://www.chelseabravo.com
GANNI,https://www.ganni.com
Subtle Shoes,https://www.subtleshoes.com
Selim Mouzzanar,https://www.selimmouzzanar.com
WON HUNDRED,https://www.wonhundred.com
AVNIER,https://www.avnier.com
SUI,https://www.sui.com
GAI+LISVA,https://www.gai+lisva.com
People of Leisure,https://www.peopleofleisure.com
Kate Sylvester,https://www.katesylvester.com
Sheep Inc,https://www.sheepinc.com
Talia Collins,https://www.taliacollins.com
Imps&Elfs,https://www.imps&elfs.com
Ulanka,https://www.ulanka.com
Prota Fiori,https://www.protafiori.com
Efva Attling,https://www.efvaattling.com
Maurie & Eve,https://www.maurie&eve.com
RE;CODE,https://www.re;code.com
Unravel Project,https://www.unravelproject.com
Most Prominent Co.,https://www.mostprominentco..com
Alex Perry,https://www.alexperry.com
Sense Organics,https://www.senseorganics.com
Natasha Tonic,https://www.natashatonic.com
B&G Store,https://www.b&gstore.com
The Common Good Company,https://www.thecommongoodcompany.com
Gandys,https://www.gandys.com
Natasha Schweitzer,https://www.natashaschweitzer.com
Andersen-Andersen,https://www.andersen-andersen.com
Urban Baby Co.,https://www.urbanbabyco..com
Mnmur,https://www.mnmur.com
Kut from the Kloth,https://www.kutfromthekloth.com
Lando Studio,https://www.landostudio.com
Deuter,https://www.deuter.com
Olga Joan,https://www.olgajoan.com
Irevedì,https://www.irevedì.com
Newton Running,https://www.newtonrunning.com
FIFTH HOUSE,https://www.fifthhouse.com
I.AM.GIA,https://www.i.am.gia.com
HUB Footwear,https://www.hubfootwear.com
econscious,https://www.econscious.com
Rivet Utility,https://www.rivetutility.com
SHEKOU,https://www.shekou.com
Adidas,https://www.adidas.com
ALIX NYC,https://www.alixnyc.com
La Granni,https://www.lagranni.com
N.HOOLYWOOD,https://www.n.hoolywood.com
AYA Sacred Wear,https://www.ayasacredwear.com
Altar,https://www.altar.com
Modern Burlap,https://www.modernburlap.com
Kings & Queens Designer Clothier,https://www.kings&queensdesignerclothier.com
Gloria Coelho,https://www.gloriacoelho.com
MELAWEAR,https://www.melawear.com
Reflexone,https://www.reflexone.com
Coût De La Liberté,https://www.coûtdelaliberté.com
lemlem,https://www.lemlem.com
IZAC,https://www.izac.com
OTTO,https://www.otto.com
Edmonds.Love,https://www.edmonds.love.com
Suitsupply,https://www.suitsupply.com
RIANNA + NINA,https://www.rianna+nina.com
Kings of Indigo,https://www.kingsofindigo.com
VOIT,https://www.voit.com
Dots On Tots,https://www.dotsontots.com
AFROBLONDE,https://www.afroblonde.com
Deux Mains,https://www.deuxmains.com
BIG STAR,https://www.bigstar.com
Semir,https://www.semir.com
YoRo Naturals,https://www.yoronaturals.com
NxTSTOP,https://www.nxtstop.com
Sister Organics,https://www.sisterorganics.com
Youngor,https://www.youngor.com
BZNA,https://www.bzna.com
CP Shades,https://www.cpshades.com
Tie Dyed Shop,https://www.tiedyedshop.com
koi footwear,https://www.koifootwear.com
ICECREAM,https://www.icecream.com
Globe-Trotter,https://www.globe-trotter.com
VIVICHO,https://www.vivicho.com
NBB WEEKEND,https://www.nbbweekend.com
TLF Apparel,https://www.tlfapparel.com
OVS,https://www.ovs.com
Oilily,https://www.oilily.com
Odell Design Studio,https://www.odelldesignstudio.com
Outland Denim,https://www.outlanddenim.com
Smyra Collection,https://www.smyracollection.com
Goen.J,https://www.goen.j.com
sherris,https://www.sherris.com
SEEKER,https://www.seeker.com
Val Kristopher,https://www.valkristopher.com
Two Sparrow Australia,https://www.twosparrowaustralia.com
Ileana Makri,https://www.ileanamakri.com
époque évolution,https://www.époqueévolution.com
MCLC,https://www.mclc.com
KD New York,https://www.kdnewyork.com
Les Sublimes,https://www.lessublimes.com
Alexandre de Paris,https://www.alexandredeparis.com
Base Apparel,https://www.baseapparel.com
societywild,https://www.societywild.com
Silq Rose,https://www.silqrose.com
EPOCA,https://www.epoca.com
So Good To Wear,https://www.sogoodtowear.com
Zusa,https://www.zusa.com
ABODE OF SNOW,https://www.abodeofsnow.com
Kualesa,https://www.kualesa.com
Rustic Loom,https://www.rusticloom.com
ul:kin,https://www.ul:kin.com
COUP DE CHANCE,https://www.coupdechance.com
evan kinori,https://www.evankinori.com
LNDR,https://www.lndr.com
On Running,https://www.onrunning.com
Even&Odd,https://www.even&odd.com
La Portegna,https://www.laportegna.com
IRO IRO,https://www.iroiro.com
Nannacay,https://www.nannacay.com
NAADAM,https://www.naadam.com
KOKOworld,https://www.kokoworld.com
Ciganka - Artforms from Nature,https://www.ciganka-artformsfromnature.com
Joanie,https://www.joanie.com
Terra Dea,https://www.terradea.com
Eve Lavoie,https://www.evelavoie.com
Cotopaxi,https://www.cotopaxi.com
ANINI,https://www.anini.com
Hats With Heart,https://www.hatswithheart.com
Jackfruit the label,https://www.jackfruitthelabel.com
Tenth & Pine,https://www.tenth&pine.com
ODLO,https://www.odlo.com
Perry Ellis,https://www.perryellis.com
Scamp & Dude,https://www.scamp&dude.com
Osonian,https://www.osonian.com
Wolf and Zephyr,https://www.wolfandzephyr.com
Part Two,https://www.parttwo.com
Glass Onion,https://www.glassonion.com
RODD & GUNN,https://www.rodd&gunn.com
Rjsebastian,https://www.rjsebastian.com
Krochet Kids,https://www.krochetkids.com
La Stupenderia,https://www.lastupenderia.com
Pyrrha,https://www.pyrrha.com
Cultural Roots,https://www.culturalroots.com
No Nasties,https://www.nonasties.com
B_Boheme,https://www.b_boheme.com
Sophie & Eve,https://www.sophie&eve.com
frostpfoetchen,https://www.frostpfoetchen.com
AERON,https://www.aeron.com
OAK & ACORN,https://www.oak&acorn.com
ne Quittez pas,https://www.nequittezpas.com
BHcrafts,https://www.bhcrafts.com
Malaika New York,https://www.malaikanewyork.com
LITA by Ciara,https://www.litabyciara.com
Atelier Lavoisier,https://www.atelierlavoisier.com
EVISU,https://www.evisu.com
The Rushing Hour,https://www.therushinghour.com
UFM Underwear for Men,https://www.ufmunderwearformen.com
Smart Angel,https://www.smartangel.com
Linenbee,https://www.linenbee.com
AS by DF,https://www.asbydf.com
Dorsu,https://www.dorsu.com
Urban Industry,https://www.urbanindustry.com
FRANC,https://www.franc.com
Uterqüe,https://www.uterqüe.com
GCDS,https://www.gcds.com
EOE Eyewear,https://www.eoeeyewear.com
Aimee Cherie Intimates,https://www.aimeecherieintimates.com
Mara Hoffman,https://www.marahoffman.com
Ucon Acrobatics,https://www.uconacrobatics.com
DUKE + DEXTER,https://www.duke+dexter.com
Natalie Rae New York,https://www.natalieraenewyork.com
Phoebe English,https://www.phoebeenglish.com
QUIRA,https://www.quira.com
EXTRALESS,https://www.extraless.com
Icebreaker,https://www.icebreaker.com
BUSHY,https://www.bushy.com
Endura,https://www.endura.com
JAN-JAN VAN ESSCHE,https://www.jan-janvanessche.com
Vanina,https://www.vanina.com
La Mariposa,https://www.lamariposa.com
elliott footwear,https://www.elliottfootwear.com
EB Denim,https://www.ebdenim.com
7 For All Mankind,https://www.7forallmankind.com
Macpac,https://www.macpac.com
Sleeper,https://www.sleeper.com
Ilk + Ernie,https://www.ilk+ernie.com
UndeadMagpie,https://www.undeadmagpie.com
Comtessa,https://www.comtessa.com
PIECES,https://www.pieces.com
SEP,https://www.sep.com
RS Sports,https://www.rssports.com
Oliver Bonas,https://www.oliverbonas.com
Vuori,https://www.vuori.com
石徹白洋品店 / Itoshiro Yohinten,https://www.石徹白洋品店/itoshiroyohinten.com
Seventy + Mochi,https://www.seventy+mochi.com
Megan Leone Designs,https://www.meganleonedesigns.com
Ash,https://www.ash.com
XXL SPORTS & OUTDOOR,https://www.xxlsports&outdoor.com
Kanna Shoes,https://www.kannashoes.com
St. John,https://www.st.john.com
Sasta,https://www.sasta.com
Miakoda,https://www.miakoda.com
FREED,https://www.freed.com
HI LO The Label,https://www.hilothelabel.com
Baserange,https://www.baserange.com
KCST,https://www.kcst.com
Ziener,https://www.ziener.com
GTOClothing,https://www.gtoclothing.com
Pagonis Greek Sandals,https://www.pagonisgreeksandals.com
NANGA,https://www.nanga.com
ZALIAH,https://www.zaliah.com
YRU,https://www.yru.com
Corkor,https://www.corkor.com
RIU Paris,https://www.riuparis.com
Gsus,https://www.gsus.com
ExtraAF,https://www.extraaf.com
Kotn,https://www.kotn.com
Carolyn Rowan,https://www.carolynrowan.com
Acne Studios,https://www.acnestudios.com
Daniel Wellington,https://www.danielwellington.com
Good News,https://www.goodnews.com
Rejina Pyo,https://www.rejinapyo.com
Bobux,https://www.bobux.com
Hamza,https://www.hamza.com
ZEN Diamond,https://www.zendiamond.com
Taeve Africa,https://www.taeveafrica.com
Whimsy + Row,https://www.whimsy+row.com
LA FEE MARABOUTEE,https://www.lafeemaraboutee.com
LE GROUPE BEAUMANOIR,https://www.legroupebeaumanoir.com
L I V D,https://www.livd.com
Lindsay Nicholas New York,https://www.lindsaynicholasnewyork.com
SIEDRÉS,https://www.siedrés.com
KEEN,https://www.keen.com
D1 Milano,https://www.d1milano.com
The Crafty Bird,https://www.thecraftybird.com
Yumi Clothing,https://www.yumiclothing.com
Zuri,https://www.zuri.com
Good American,https://www.goodamerican.com
Lé Bent,https://www.lébent.com
Ecoalf,https://www.ecoalf.com
Sancho's,https://www.sancho's.com
LikeMyChoice,https://www.likemychoice.com
UsedLux,https://www.usedlux.com
Edeline Lee,https://www.edelinelee.com
Aquatalia,https://www.aquatalia.com
One Spirit Vibes,https://www.onespiritvibes.com
Dear Darling Berlin,https://www.deardarlingberlin.com
Elkline,https://www.elkline.com
Khasto,https://www.khasto.com
SHirin NYC,https://www.shirinnyc.com
Marita Moreno,https://www.maritamoreno.com
Another Tomorrow,https://www.anothertomorrow.com
Masha Apparel,https://www.mashaapparel.com
Go Gently Nation,https://www.gogentlynation.com
Le Temps des Cerises,https://www.letempsdescerises.com
Shona Joy,https://www.shonajoy.com
Kopper & Zink,https://www.kopper&zink.com
FREITAG,https://www.freitag.com
DSTREZZED,https://www.dstrezzed.com
Day Won,https://www.daywon.com
Lethicia Bronstein,https://www.lethiciabronstein.com
Nomads Clothing,https://www.nomadsclothing.com
SLATE + SALT,https://www.slate+salt.com
We11done,https://www.we11done.com
Cala de la Cruz,https://www.caladelacruz.com
Hilo de Mar,https://www.hilodemar.com
M.Rena,https://www.m.rena.com
Puma,https://www.puma.com
ILSE JACOBSEN HORNBÆK,https://www.ilsejacobsenhornbæk.com
Doops Designs,https://www.doopsdesigns.com
Blue Wren Collective,https://www.bluewrencollective.com
Hailey Gerrits,https://www.haileygerrits.com
Kultivate,https://www.kultivate.com
Ivory & Chain,https://www.ivory&chain.com
Port Zienna,https://www.portzienna.com
Hunkemöller,https://www.hunkemöller.com
Katharine Hamnett,https://www.katharinehamnett.com
Joslin,https://www.joslin.com
Wild Country,https://www.wildcountry.com
Form & Thread,https://www.form&thread.com
Sarah Chofakian,https://www.sarahchofakian.com
Vagabond,https://www.vagabond.com
Tortoise The Label,https://www.tortoisethelabel.com
SUSAN BIJL,https://www.susanbijl.com
MARLE,https://www.marle.com
PP Berlin,https://www.ppberlin.com
Nisolo,https://www.nisolo.com
Emma's Emporium,https://www.emma'semporium.com
MARUPE LINEN HOUSE,https://www.marupelinenhouse.com
Klättermusen,https://www.klättermusen.com
Fleur du Mal,https://www.fleurdumal.com
LISA VON TANG,https://www.lisavontang.com
Scanza Leather Gear,https://www.scanzaleathergear.com
Jimmy Choo,https://www.jimmychoo.com
BODY WILD,https://www.bodywild.com
ABLE,https://www.able.com
FUTURA Jewelry,https://www.futurajewelry.com
MSCH,https://www.msch.com
Cuisse de Grenouille,https://www.cuissedegrenouille.com
Piferi,https://www.piferi.com
WE-AR,https://www.we-ar.com
Khiry,https://www.khiry.com
Smitten Merino,https://www.smittenmerino.com
Jones New York,https://www.jonesnewyork.com
Circle of Trust,https://www.circleoftrust.com
Yves Salomon Fourreur,https://www.yvessalomonfourreur.com
Hills Hats,https://www.hillshats.com
Michelle Kraemer Jewellery,https://www.michellekraemerjewellery.com
La Redoute,https://www.laredoute.com
Vege Threads,https://www.vegethreads.com
DSQUARED2,https://www.dsquared2.com
Ay,https://www.ay.com
SNURK Living,https://www.snurkliving.com
Mariah Rovery,https://www.mariahrovery.com
Heady Made Apparel,https://www.headymadeapparel.com
Nomadic State of Mind,https://www.nomadicstateofmind.com
Community Clothing,https://www.communityclothing.com
Becci Boo's Custom Shoes,https://www.becciboo'scustomshoes.com
mmb by hand,https://www.mmbbyhand.com
L'Estrange London,https://www.l'estrangelondon.com
Crystalyn Kae,https://www.crystalynkae.com
Olderbrother,https://www.olderbrother.com
SHANGHAI TANG,https://www.shanghaitang.com
Recreational Habits,https://www.recreationalhabits.com
Grec muse,https://www.grecmuse.com
FG S.r.l.s.,https://www.fgs.r.l.s..com
R.M.Williams,https://www.r.m.williams.com
Gaelle Hayme,https://www.gaellehayme.com
BHAVA,https://www.bhava.com
Mucho Gusto,https://www.muchogusto.com
FELLER,https://www.feller.com
Joanna Laura Constantine,https://www.joannalauraconstantine.com
White Mountaineering,https://www.whitemountaineering.com
Le Salty,https://www.lesalty.com
EVEX by KRIZIA,https://www.evexbykrizia.com
Jiggle Ma Wiggle,https://www.jigglemawiggle.com
A de Vivre,https://www.adevivre.com
Icebug,https://www.icebug.com
WeAreNativ,https://www.wearenativ.com
Monsoon Blooms,https://www.monsoonblooms.com
ZEROBARRACENTO,https://www.zerobarracento.com
Jones Snowboards,https://www.jonessnowboards.com
Du Pareil au même,https://www.dupareilaumême.com
Maya Eco,https://www.mayaeco.com
Toit Volant,https://www.toitvolant.com
Keep Pursuing,https://www.keeppursuing.com
The Blue Rabbit House,https://www.thebluerabbithouse.com
Mummelito,https://www.mummelito.com
The Level Collective,https://www.thelevelcollective.com
Twisted Twee,https://www.twistedtwee.com
NINA YUUN,https://www.ninayuun.com
Kujten,https://www.kujten.com
Sara Tamimi,https://www.saratamimi.com
KULTURAL VIBEZ,https://www.kulturalvibez.com
D&DEPARTMENT,https://www.d&department.com
Yoga Democracy,https://www.yogademocracy.com
Yanawara,https://www.yanawara.com
General Sleep,https://www.generalsleep.com
Foster Craft Corner,https://www.fostercraftcorner.com
Icing,https://www.icing.com
Underprotection,https://www.underprotection.com
Ansea,https://www.ansea.com
Castelli Cycling,https://www.castellicycling.com
Mr. B's Soulful Tees,https://www.mr.b'ssoulfultees.com
CHNGE,https://www.chnge.com
Toad&Co,https://www.toad&co.com
Ivanhoe of Sweden,https://www.ivanhoeofsweden.com
Standard Issue,https://www.standardissue.com
ZFS Boutique,https://www.zfsboutique.com
THE MORPHBAG BY GSK,https://www.themorphbagbygsk.com
LUNA & ROSE,https://www.luna&rose.com
Jamie + The Jones,https://www.jamie+thejones.com
Edwin USA,https://www.edwinusa.com
For Days,https://www.fordays.com
Divoký býk,https://www.divokýbýk.com
Art & Create,https://www.art&create.com
Abrand Jeans,https://www.abrandjeans.com
Plexida,https://www.plexida.com
P.E Nation,https://www.p.enation.com
LOCI,https://www.loci.com
La Seine & Moi,https://www.laseine&moi.com
goodsociety,https://www.goodsociety.com
Vastra India,https://www.vastraindia.com
The Garment,https://www.thegarment.com
AGOLDE,https://www.agolde.com
WalkinThroughFlowers,https://www.walkinthroughflowers.com
Prim Stargazer,https://www.primstargazer.com
Sandra Smith,https://www.sandrasmith.com
Avani,https://www.avani.com
UNIVERSAL OVERALL,https://www.universaloverall.com
MARHEN.J,https://www.marhen.j.com
Après Studio,https://www.aprèsstudio.com
ISLA,https://www.isla.com
Ioaku,https://www.ioaku.com
CDLP,https://www.cdlp.com
Looptworks,https://www.looptworks.com
Temperley London,https://www.temperleylondon.com
Studio AR,https://www.studioar.com
Bethany Williams,https://www.bethanywilliams.com
The R Collective,https://www.thercollective.com
Ryłko,https://www.ryłko.com
Ssōne,https://www.ssōne.com
Vild House of Little,https://www.vildhouseoflittle.com
Wildflower Ethical Apparel,https://www.wildflowerethicalapparel.com
Muzungu Sisters,https://www.muzungusisters.com
Folie Du Lin,https://www.foliedulin.com
Halara,https://www.halara.com
Greek Archaic Kori,https://www.greekarchaickori.com
L.G.R,https://www.l.g.r.com
Naja,https://www.naja.com
DRYKORN,https://www.drykorn.com
Atelje DR Jewelry,https://www.ateljedrjewelry.com
Prairie Linens Studio Inc.,https://www.prairielinensstudioinc..com
MONC,https://www.monc.com
Protean London,https://www.proteanlondon.com
Known Supply,https://www.knownsupply.com
H&M,https://www.h&m.com
Tuckerman & Co,https://www.tuckerman&co.com
Rotholz,https://www.rotholz.com
Quazi Design,https://www.quazidesign.com
Abercrombie & Fitch,https://www.abercrombie&fitch.com
Smashed Lemon,https://www.smashedlemon.com
Quincy Mae,https://www.quincymae.com
Barta Jeans,https://www.bartajeans.com
Beulah,https://www.beulah.com
JAN ‘N JUNE,https://www.jan‘njune.com
Rachel Zoe,https://www.rachelzoe.com
GROUNDTRUTH,https://www.groundtruth.com
Tasi Travels,https://www.tasitravels.com
Pecegueiro & F.os,https://www.pecegueiro&f.os.com
Everything But Water,https://www.everythingbutwater.com
AuTerra,https://www.auterra.com
A A K S,https://www.aaks.com
Beanpole,https://www.beanpole.com
Big Bazaar - ffb,https://www.bigbazaar-ffb.com
Adorna,https://www.adorna.com
WOOYOUNGMI,https://www.wooyoungmi.com
Queen of the Court,https://www.queenofthecourt.com
soleRebels,https://www.solerebels.com
Dharma Bums,https://www.dharmabums.com
McGuire Army Navy,https://www.mcguirearmynavy.com
Black Velvet Circus,https://www.blackvelvetcircus.com
AIIFOS,https://www.aiifos.com
Hyde Wares,https://www.hydewares.com
WUF KIDS,https://www.wufkids.com
Nordblanc,https://www.nordblanc.com
IVY OAK,https://www.ivyoak.com
I'mdividual,https://www.i'mdividual.com
Ruby & Rafe,https://www.ruby&rafe.com
jaded london,https://www.jadedlondon.com
Aéropostale,https://www.aéropostale.com
The Maker Collection,https://www.themakercollection.com
Nubikk,https://www.nubikk.com
Urban Savage,https://www.urbansavage.com
Recycledbags.Co,https://www.recycledbags.co.com
Message Factory,https://www.messagefactory.com
Rye Tender,https://www.ryetender.com
peony,https://www.peony.com
LOW CLASSIC,https://www.lowclassic.com
OLE LYNGGAARD COPENHAGEN,https://www.olelynggaardcopenhagen.com
Delikate Rayne,https://www.delikaterayne.com
Small Store,https://www.smallstore.com
errore,https://www.errore.com
Jamie Kay,https://www.jamiekay.com
Woron,https://www.woron.com
Rowen Rose,https://www.rowenrose.com
Art by Physicist,https://www.artbyphysicist.com
Louisa Parris,https://www.louisaparris.com
Blažek,https://www.blažek.com
Black Iris,https://www.blackiris.com
Floris van Bommel,https://www.florisvanbommel.com
Under Armour,https://www.underarmour.com
HAN KJØBENHAVN,https://www.hankjøbenhavn.com
PACT,https://www.pact.com
Impacto Activewear Sustentável,https://www.impactoactivewearsustentável.com
Mariclaro,https://www.mariclaro.com
Free People,https://www.freepeople.com
HUMAN MADE,https://www.humanmade.com
Hunting Season,https://www.huntingseason.com
BM Haute Couture Store,https://www.bmhautecouturestore.com
Marlies Dekkers,https://www.marliesdekkers.com
LOUDBODIES,https://www.loudbodies.com
Early Majority,https://www.earlymajority.com
LOVE BRAND & Co,https://www.lovebrand&co.com
Fashion for Two,https://www.fashionfortwo.com
FollowMeFS,https://www.followmefs.com
Helen McAlinden,https://www.helenmcalinden.com
ECCO,https://www.ecco.com
Gugguu,https://www.gugguu.com
Le Col,https://www.lecol.com
GUNAS,https://www.gunas.com
Helen Kaminski,https://www.helenkaminski.com
Cognitive Surplus,https://www.cognitivesurplus.com
Andrew GN,https://www.andrewgn.com
Bukuro,https://www.bukuro.com
Oblique Creations,https://www.obliquecreations.com
Classic Sheepskins,https://www.classicsheepskins.com
Lulu Guinness,https://www.luluguinness.com
Iron Roots,https://www.ironroots.com
Totally Radical Awesome,https://www.totallyradicalawesome.com
ENDANGERED,https://www.endangered.com
Mien,https://www.mien.com
Le Slip Français,https://www.leslipfrançais.com
young n sang,https://www.youngnsang.com
Sylth Virago,https://www.sylthvirago.com
Mumutane,https://www.mumutane.com
Printfresh,https://www.printfresh.com
Burnt Soul,https://www.burntsoul.com
Nui Organics,https://www.nuiorganics.com
BUSHMAN,https://www.bushman.com
Alexander McQueen,https://www.alexandermcqueen.com
GRAIN DE MALICE,https://www.graindemalice.com
MAISON MARAIS,https://www.maisonmarais.com
VYAYAMA,https://www.vyayama.com
Indigenous,https://www.indigenous.com
EMLING,https://www.emling.com
WHITE bIRD,https://www.whitebird.com
Goose & Gander,https://www.goose&gander.com
Vivienne Westwood,https://www.viviennewestwood.com
The Campamento,https://www.thecampamento.com
Maria Mcmanus,https://www.mariamcmanus.com
LK Bennett,https://www.lkbennett.com
Ilag,https://www.ilag.com
Otiumberg,https://www.otiumberg.com
Guts & Gusto,https://www.guts&gusto.com
Ulla Johnson,https://www.ullajohnson.com
The SUSS Edit,https://www.thesussedit.com
Jacquie Aiche,https://www.jacquieaiche.com
AHKAH,https://www.ahkah.com
Le Gramme,https://www.legramme.com
Ella Boutique,https://www.ellaboutique.com
Chick Lane,https://www.chicklane.com
KENT,https://www.kent.com
éS Skateboarding,https://www.ésskateboarding.com
Dekadem,https://www.dekadem.com
KIKS TYO,https://www.kikstyo.com
Sati Creation,https://www.saticreation.com
Dilli Grey,https://www.dilligrey.com
Truly Linen,https://www.trulylinen.com
Minga London,https://www.mingalondon.com
DC Shoes,https://www.dcshoes.com
PaaPii Design,https://www.paapiidesign.com
TO BE CHIC,https://www.tobechic.com
Wear Your Love,https://www.wearyourlove.com
To Boot New York,https://www.tobootnewyork.com
Hoppidi Handmade,https://www.hoppidihandmade.com
ESCVDO,https://www.escvdo.com
Lauren Holloway,https://www.laurenholloway.com
Les Rêveries,https://www.lesrêveries.com
MiiK,https://www.miik.com
IKUKO,https://www.ikuko.com
YES,https://www.yes.com
Bilboa,https://www.bilboa.com
Augeo,https://www.augeo.com
Sud Express,https://www.sudexpress.com
Earth Divas,https://www.earthdivas.com
YLÈVE,https://www.ylève.com
TOMCSANYI,https://www.tomcsanyi.com
GOODEE,https://www.goodee.com
OffOn,https://www.offon.com
Sylvia Toledano,https://www.sylviatoledano.com
Primitive Tribal Craft,https://www.primitivetribalcraft.com
Etiko,https://www.etiko.com
Marimekko,https://www.marimekko.com
Nanushka,https://www.nanushka.com
RUS,https://www.rus.com
Zumiez,https://www.zumiez.com
G-Star RAW,https://www.g-starraw.com
Softandwet,https://www.softandwet.com
Kara Van Petrol,https://www.karavanpetrol.com
Nisa,https://www.nisa.com
Ekyog,https://www.ekyog.com
Good Man Brand,https://www.goodmanbrand.com
Son of a Tailor,https://www.sonofatailor.com
Alchemy Goods,https://www.alchemygoods.com
Edmmond,https://www.edmmond.com
Lylou the label,https://www.lylouthelabel.com
ARTICLE22,https://www.article22.com
ichcha,https://www.ichcha.com
Queen Mum,https://www.queenmum.com
penoora's,https://www.penoora's.com
Mavi,https://www.mavi.com
CVC Stones,https://www.cvcstones.com
La Fiera de Ojinaga,https://www.lafieradeojinaga.com
Batch 1 UK,https://www.batch1uk.com
Yvonne Koné,https://www.yvonnekoné.com
Folk,https://www.folk.com
Cosmo Crew,https://www.cosmocrew.com
Sunday Saint-Tropez,https://www.sundaysaint-tropez.com
allthingsfi,https://www.allthingsfi.com
NPS,https://www.nps.com
Yoko London,https://www.yokolondon.com
Urbangift,https://www.urbangift.com
Pico,https://www.pico.com
MANU Atelier,https://www.manuatelier.com
Bougainvillea London,https://www.bougainvillealondon.com
BUFF,https://www.buff.com
Fabienne Chapot,https://www.fabiennechapot.com
Aiste Anaite,https://www.aisteanaite.com
SEPTEMBER,https://www.september.com
Antonio Bernardo,https://www.antoniobernardo.com
Couch,https://www.couch.com
Triarchy,https://www.triarchy.com
Femmes du Sud,https://www.femmesdusud.com
Seek Collective,https://www.seekcollective.com
Blue Magik Clothing,https://www.bluemagikclothing.com
Sage Larock,https://www.sagelarock.com
Ed Hardy,https://www.edhardy.com
SDress,https://www.sdress.com
NOAH,https://www.noah.com
Banner Day,https://www.bannerday.com
Juwelier Voegele,https://www.juweliervoegele.com
TAMGA Designs,https://www.tamgadesigns.com
Cyrillus,https://www.cyrillus.com
typeshirts,https://www.typeshirts.com
JOSH V,https://www.joshv.com
Ampere Creations,https://www.amperecreations.com
Ottoman Hands,https://www.ottomanhands.com
YVES ENZO,https://www.yvesenzo.com
FIL MELANGE,https://www.filmelange.com
Berner Kühl,https://www.bernerkühl.com
Band of Rascals,https://www.bandofrascals.com
MATE the Label,https://www.matethelabel.com
Ground Zero Clothing,https://www.groundzeroclothing.com
PRISTINE,https://www.pristine.com
E. Tautz,https://www.e.tautz.com
SKFK,https://www.skfk.com
Gray Label,https://www.graylabel.com
ORTOVOX,https://www.ortovox.com
Marcell von Berlin,https://www.marcellvonberlin.com
L'AFSHAR,https://www.l'afshar.com
Spotty Lottie,https://www.spottylottie.com
Sea Room lynn,https://www.searoomlynn.com
Hopeless Lingerie,https://www.hopelesslingerie.com
No 8 Galway,https://www.no8galway.com
About Companions,https://www.aboutcompanions.com
Elsien Gringhuis,https://www.elsiengringhuis.com
Serena Uziyel,https://www.serenauziyel.com
Tenth,https://www.tenth.com
Harvest & Mill,https://www.harvest&mill.com
Earth Squared,https://www.earthsquared.com
Brigitte,https://www.brigitte.com
Tiger Prints,https://www.tigerprints.com
Vaincourt Paris,https://www.vaincourtparis.com
AurifyDesigns,https://www.aurifydesigns.com
BRIGHT,https://www.bright.com
Vissla,https://www.vissla.com
AERA,https://www.aera.com
Hundred Pieces,https://www.hundredpieces.com
LA Relaxed,https://www.larelaxed.com
Symbology,https://www.symbology.com
NN.07,https://www.nn.07.com
Heilan Home,https://www.heilanhome.com
FUNKTION SCHNITT,,https://www.funktionschnitt,.com
C&A,https://www.c&a.com
LA MARTINA,https://www.lamartina.com
(di)vision,https://www.(di)vision.com
Rodeo Queen Fine Art,https://www.rodeoqueenfineart.com
MaxTara,https://www.maxtara.com
Skall Studio,https://www.skallstudio.com
Expresso,https://www.expresso.com
In2Green,https://www.in2green.com
W.KRUK,https://www.w.kruk.com
Pig, Chicken & Cow,https://www.pig,chicken&cow.com
Aiayu,https://www.aiayu.com
MARY YOUNG,https://www.maryyoung.com
Zanone,https://www.zanone.com
American Apparel,https://www.americanapparel.com
Hvman Chosen to Prevail,https://www.hvmanchosentoprevail.com
iland co.,https://www.ilandco..com
The White Company,https://www.thewhitecompany.com
Fred de la Bretoniere,https://www.freddelabretoniere.com
kekai Swimwear,https://www.kekaiswimwear.com
PH5,https://www.ph5.com
House of CB,https://www.houseofcb.com
CLOUDY,https://www.cloudy.com
ADISH,https://www.adish.com
Protest,https://www.protest.com
APPARIS,https://www.apparis.com
Tultex,https://www.tultex.com
Goat Organic Apparel,https://www.goatorganicapparel.com
Cosfun,https://www.cosfun.com
Angie Wood Creations,https://www.angiewoodcreations.com
Hylton,https://www.hylton.com
Oscar De La Renta,https://www.oscardelarenta.com
Ludovic De Saint Sernin,https://www.ludovicdesaintsernin.com
XOOS,https://www.xoos.com
Le Specs,https://www.lespecs.com
Ulalü,https://www.ulalü.com
ALOve,https://www.alove.com
Il Gufo,https://www.ilgufo.com
From The Heart,https://www.fromtheheart.com
Aquilae,https://www.aquilae.com
Akola,https://www.akola.com
Y.O.U Underwear,https://www.y.o.uunderwear.com
ESSE,https://www.esse.com
Pearl Street Swim,https://www.pearlstreetswim.com
Greyder,https://www.greyder.com
SOLID HOMME,https://www.solidhomme.com
Angels Ambition,https://www.angelsambition.com
IRO,https://www.iro.com
Save the Duck,https://www.savetheduck.com
Hush,https://www.hush.com
Le Kilt,https://www.lekilt.com
RESTYLE,https://www.restyle.com
Kysal,https://www.kysal.com
Sarah Flint,https://www.sarahflint.com
Cubus,https://www.cubus.com
Lingynoiid,https://www.lingynoiid.com
YULIYA MAGDYCH,https://www.yuliyamagdych.com
Tyler Ellis,https://www.tylerellis.com
Gym + coffee,https://www.gym+coffee.com
Knotti,https://www.knotti.com
Bunti,https://www.bunti.com
Pansy,https://www.pansy.com
Hybrid Green Label,https://www.hybridgreenlabel.com
AS29,https://www.as29.com
BOA Basics,https://www.boabasics.com
Imogen's Imagination,https://www.imogen'simagination.com
Wildling,https://www.wildling.com
Smalls Merino,https://www.smallsmerino.com
Zawadee,https://www.zawadee.com
Erdem,https://www.erdem.com
Enlighten Clothing Co,https://www.enlightenclothingco.com
Aris Bags,https://www.arisbags.com
OBJECT,https://www.object.com
Coco & Kandy,https://www.coco&kandy.com
Panamuna Project,https://www.panamunaproject.com
Reco,https://www.reco.com
VIRUS International,https://www.virusinternational.com
Hiamond,https://www.hiamond.com
Edie Parker,https://www.edieparker.com
LOVJOI,https://www.lovjoi.com
GFG Jewellery by Nilufer,https://www.gfgjewellerybynilufer.com
Penelope Chilvers,https://www.penelopechilvers.com
In Gold We Trust,https://www.ingoldwetrust.com
ByMotherHands,https://www.bymotherhands.com
JELLYMALLOW,https://www.jellymallow.com
Sleeping with Jacques,https://www.sleepingwithjacques.com
Antonello Tedde,https://www.antonellotedde.com
Carol Turner Collection,https://www.carolturnercollection.com
VIVAIA,https://www.vivaia.com
Mykke Hoffmann,https://www.mykkehoffmann.com
FRAMED,https://www.framed.com
BASTET NOIR,https://www.bastetnoir.com
Fjällräven,https://www.fjällräven.com
Four Wild Arrows Co.,https://www.fourwildarrowsco..com
Forét,https://www.forét.com
Coffee Dyed Shirts,https://www.coffeedyedshirts.com
STUDIO EBN,https://www.studioebn.com
Cleobella,https://www.cleobella.com
Adriana Iglesias,https://www.adrianaiglesias.com
NA Menswear,https://www.namenswear.com
More Joy,https://www.morejoy.com
London W11,https://www.londonw11.com
E.L.V. Denim,https://www.e.l.v.denim.com
Mr Jones Watches,https://www.mrjoneswatches.com
AEVOR,https://www.aevor.com
Sardine Clothing Company,https://www.sardineclothingcompany.com
OAMC,https://www.oamc.com
OAKouture,https://www.oakouture.com
OZETA,https://www.ozeta.com
Darkshe,https://www.darkshe.com
Sarah's Bag,https://www.sarah'sbag.com
Subset,https://www.subset.com
AJIO,https://www.ajio.com
BEDI,https://www.bedi.com
LARA DI GIANNI,https://www.laradigianni.com
The Ultimate,https://www.theultimate.com
Bolso,https://www.bolso.com
Otero,https://www.otero.com
Zeal Optics,https://www.zealoptics.com
Blue & Yellow,https://www.blue&yellow.com
DAYWEARLAB,https://www.daywearlab.com
Max,https://www.max.com
HOKA,https://www.hoka.com
Owlivia,https://www.owlivia.com
Mochi,https://www.mochi.com
Rosana Expósito,https://www.rosanaexpósito.com
LTB Jeans,https://www.ltbjeans.com
Evertree Clothing,https://www.evertreeclothing.com
Lygia & Nanny,https://www.lygia&nanny.com
MARK PJETRI,https://www.markpjetri.com
Natalie Marie Jewellery,https://www.nataliemariejewellery.com
s.k. manor hill,https://www.s.k.manorhill.com
Jivanas,https://www.jivanas.com
Oliver Spencer,https://www.oliverspencer.com
The Ethical Silk Company,https://www.theethicalsilkcompany.com
Original FNB,https://www.originalfnb.com
nat’v basics,https://www.nat’vbasics.com
Rumpl,https://www.rumpl.com
CFCL,https://www.cfcl.com
erlich textil,https://www.erlichtextil.com
sold out nyc,https://www.soldoutnyc.com
Urban Classics,https://www.urbanclassics.com
NULABEL,https://www.nulabel.com
Monsoon,https://www.monsoon.com
MA MER,https://www.mamer.com
Rifò,https://www.rifò.com
Pfeiffer,https://www.pfeiffer.com
Monica Vinader,https://www.monicavinader.com
Karen Walker,https://www.karenwalker.com
Tutete,https://www.tutete.com
Svea Clothing,https://www.sveaclothing.com
Zilch,https://www.zilch.com
Phase Eight,https://www.phaseeight.com
Redwood Classics Apparel,https://www.redwoodclassicsapparel.com
Pleatsmama,https://www.pleatsmama.com
IBANA,https://www.ibana.com
Rhodenwald & Söhne,https://www.rhodenwald&söhne.com
Think Big Little People,https://www.thinkbiglittlepeople.com
ZUZABARTSHOPOUTLET,https://www.zuzabartshopoutlet.com
Betty and Biddy,https://www.bettyandbiddy.com
Daquini,https://www.daquini.com
Infantium Victoria,https://www.infantiumvictoria.com
Two Dreams Shop,https://www.twodreamsshop.com
Encircled,https://www.encircled.com
Simmer Clothing,https://www.simmerclothing.com
Tikau,https://www.tikau.com
Avesso,https://www.avesso.com
Aartee Maheshwari,https://www.aarteemaheshwari.com
Harris Wharf London,https://www.harriswharflondon.com
Grow From Nature,https://www.growfromnature.com
AXEL ARIGATO,https://www.axelarigato.com
Good Guys,https://www.goodguys.com
ANDREA IYAMAH,https://www.andreaiyamah.com
Jia Jia,https://www.jiajia.com
ShanPaulo,https://www.shanpaulo.com
1083,https://www.1083.com
RUMISU,https://www.rumisu.com
Thousand Fell,https://www.thousandfell.com
Gazur,https://www.gazur.com
Aestethic London,https://www.aestethiclondon.com
JAKKE,https://www.jakke.com
WAIWAI Rio,https://www.waiwairio.com
Van Gils,https://www.vangils.com
Culthread,https://www.culthread.com
FUZZI,https://www.fuzzi.com
ichi,https://www.ichi.com
Johanna Ortiz,https://www.johannaortiz.com
Marcia,https://www.marcia.com
Good Citizens Eyewear,https://www.goodcitizenseyewear.com
Ji Won Choi,https://www.jiwonchoi.com
Maebelle & Bo,https://www.maebelle&bo.com
Gaia Segattini Knotwear,https://www.gaiasegattiniknotwear.com
DHaRCO,https://www.dharco.com
manière de voir,https://www.manièredevoir.com
DULIS,https://www.dulis.com
McGregor Footwear,https://www.mcgregorfootwear.com
Natalija,https://www.natalija.com
Uskees,https://www.uskees.com
Critter Mountain Wear,https://www.crittermountainwear.com
T.U.K. Footwear,https://www.t.u.k.footwear.com
Mizuno,https://www.mizuno.com
Lonely,https://www.lonely.com
Purnama,https://www.purnama.com
Oobi,https://www.oobi.com
VICTORIA (LUGGAGE),https://www.victoria(luggage).com
Charlee Swim,https://www.charleeswim.com
Envii,https://www.envii.com
LittlePuddletown,https://www.littlepuddletown.com
Circus NY,https://www.circusny.com
GOLDEN GOOSE,https://www.goldengoose.com
Jaffic,https://www.jaffic.com
Dressarte Paris,https://www.dressarteparis.com
Free Label,https://www.freelabel.com
Akubra Hats,https://www.akubrahats.com
ReUsefulThingsStudio,https://www.reusefulthingsstudio.com
Oakley,https://www.oakley.com
Ezzelino,https://www.ezzelino.com
Haight,https://www.haight.com
Nui Ami,https://www.nuiami.com
A.F. Maglieria,https://www.a.f.maglieria.com
Cienta,https://www.cienta.com
Esby Apparel,https://www.esbyapparel.com
Kowtow,https://www.kowtow.com
Eileen & Eva,https://www.eileen&eva.com
lana,https://www.lana.com
Maggie's Organics,https://www.maggie'sorganics.com
HNST,https://www.hnst.com
Mother of Pearl,https://www.motherofpearl.com
aparso,https://www.aparso.com
Christy Dawn,https://www.christydawn.com
Oak Rock Designs,https://www.oakrockdesigns.com
Camp Cove Swim,https://www.campcoveswim.com
Avec Les Filles,https://www.aveclesfilles.com
State of Escape,https://www.stateofescape.com
Ermenegildo Zegna,https://www.ermenegildozegna.com
Le Silla,https://www.lesilla.com
IDentity Lingerie,https://www.identitylingerie.com
Henri Lloyd,https://www.henrilloyd.com
Panconesi,https://www.panconesi.com
Thebe Magugu,https://www.thebemagugu.com
Gwyllem,https://www.gwyllem.com
The Nude Label,https://www.thenudelabel.com
Batoko,https://www.batoko.com
Critical Slide / TCSS,https://www.criticalslide/tcss.com
The Standard Stitch,https://www.thestandardstitch.com
Eileen Fisher,https://www.eileenfisher.com
Ivylee Copenhagen,https://www.ivyleecopenhagen.com
Kinga Csilla,https://www.kingacsilla.com
Jennifer Fisher,https://www.jenniferfisher.com
tk.Takeo Kikuchi,https://www.tk.takeokikuchi.com
Ciele Athletics,https://www.cieleathletics.com
BAKARI,https://www.bakari.com
For Love and Lemons,https://www.forloveandlemons.com
Rothy's,https://www.rothy's.com
Odd Molly,https://www.oddmolly.com
Frankie Collective,https://www.frankiecollective.com
Rhone,https://www.rhone.com
Saana ja Olli,https://www.saanajaolli.com
Penn&Ink N.Y,https://www.penn&inkn.y.com
Superstainable,https://www.superstainable.com
YARGICI,https://www.yargici.com
ISOLDA,https://www.isolda.com
Camila Klein,https://www.camilaklein.com
Panafrica,https://www.panafrica.com
Virón,https://www.virón.com
Mirasa Design,https://www.mirasadesign.com
Absolutely Bear,https://www.absolutelybear.com
BROWNS JEWELLERS,https://www.brownsjewellers.com
Crockett & Jones,https://www.crockett&jones.com
Everlane,https://www.everlane.com
Canada Goose,https://www.canadagoose.com
SSENSE,https://www.ssense.com
ÀLG,https://www.àlg.com
La Maison de Lyllis,https://www.lamaisondelyllis.com
Jigsaw,https://www.jigsaw.com
Urban Outfitters,https://www.urbanoutfitters.com
Le Lis,https://www.lelis.com
A Happy Brand,https://www.ahappybrand.com
Fifteen Twenty,https://www.fifteentwenty.com
HORIZN Studios,https://www.horiznstudios.com
Boody,https://www.boody.com
Naughty Cat Apparel,https://www.naughtycatapparel.com
Núñez de Arenas,https://www.núñezdearenas.com
La Come Di,https://www.lacomedi.com
Joyya,https://www.joyya.com
BAGGU,https://www.baggu.com
Mela Vastra,https://www.melavastra.com
Ines de la Fressange,https://www.inesdelafressange.com
The Anjelms Project,https://www.theanjelmsproject.com
Mayamiko,https://www.mayamiko.com
St. Agni,https://www.st.agni.com
OMIGHTY,https://www.omighty.com
nu-in,https://www.nu-in.com
VeganeseTees,https://www.veganesetees.com
Grounded People,https://www.groundedpeople.com
Sarah Sue Design,https://www.sarahsuedesign.com
FlyCurvy,https://www.flycurvy.com
Everyday Yoga,https://www.everydayyoga.com
QWSTION,https://www.qwstion.com
VRG GRL,https://www.vrggrl.com
Ace & Jig,https://www.ace&jig.com
Who What Wear,https://www.whowhatwear.com
GRAMMAR,https://www.grammar.com
Admise,https://www.admise.com
Fresh Cuts Clothing,https://www.freshcutsclothing.com
Melissa Joy Manning,https://www.melissajoymanning.com
COG,https://www.cog.com
LL Precious Creations,https://www.llpreciouscreations.com
NYDJ,https://www.nydj.com
Erin Snow,https://www.erinsnow.com
CARIUMA,https://www.cariuma.com
Immigrant Apparel,https://www.immigrantapparel.com
HARIS COTTON,https://www.hariscotton.com
Hush Puppies,https://www.hushpuppies.com
Studio 189,https://www.studio189.com
Tom Tailor,https://www.tomtailor.com
ZORIANA,https://www.zoriana.com
J.Crew,https://www.j.crew.com
All About Audrey,https://www.allaboutaudrey.com
Bianca Spender,https://www.biancaspender.com
Eden Park,https://www.edenpark.com
human woman,https://www.humanwoman.com
Indiebride,https://www.indiebride.com
INGMARSON,https://www.ingmarson.com
GymVibez,https://www.gymvibez.com
Flowfold,https://www.flowfold.com
Smartwool,https://www.smartwool.com
LaQuan Smith,https://www.laquansmith.com
Araks,https://www.araks.com
Bandsome,https://www.bandsome.com
Djerf Avenue,https://www.djerfavenue.com
Matt & Nat,https://www.matt&nat.com
Automic Gold,https://www.automicgold.com
Wallace Cotton,https://www.wallacecotton.com
Ottino,https://www.ottino.com
w.kleinberg,https://www.w.kleinberg.com
InModa Pellicceria,https://www.inmodapellicceria.com
Yeti Moccs,https://www.yetimoccs.com
Zara,https://www.zara.com
Isadore Apparel,https://www.isadoreapparel.com
Wuxly Movement,https://www.wuxlymovement.com
autark,https://www.autark.com
Everpress,https://www.everpress.com
Tchai Walla,https://www.tchaiwalla.com
OBI OBI,https://www.obiobi.com
Cork Foot Creations,https://www.corkfootcreations.com
Luva Huva,https://www.luvahuva.com
Il Bussetto,https://www.ilbussetto.com
Dazey LA,https://www.dazeyla.com
Parker Clay,https://www.parkerclay.com
Variety Hour,https://www.varietyhour.com
JOYN,https://www.joyn.com
Wires,https://www.wires.com
Colorado Threads,https://www.coloradothreads.com
La Fabrik 34,https://www.lafabrik34.com
Magpie Goose,https://www.magpiegoose.com
Just Cool by AWDis,https://www.justcoolbyawdis.com
Tzoma,https://www.tzoma.com
Akiseo,https://www.akiseo.com
Eric Bompard,https://www.ericbompard.com
京和晒綿紗 / kyowazarashi mensha,https://www.京和晒綿紗/kyowazarashimensha.com
Ancient Greek Sandals,https://www.ancientgreeksandals.com
Anabela Chan,https://www.anabelachan.com
N.Peal,https://www.n.peal.com
Humble Chic,https://www.humblechic.com
Peak Performance,https://www.peakperformance.com
Etienne Aigner,https://www.etienneaigner.com
Dai,https://www.dai.com
Melrose Ave Fashion,https://www.melroseavefashion.com
Soleil Soleil,https://www.soleilsoleil.com
LJC DESIGNS,https://www.ljcdesigns.com
Pyne & Smith Clothiers,https://www.pyne&smithclothiers.com
WHO DECIDES WAR,https://www.whodecideswar.com
Rage Age,https://www.rageage.com
Ezze Wear,https://www.ezzewear.com
AIGNER,https://www.aigner.com
Dynamite,https://www.dynamite.com
Shola Branson,https://www.sholabranson.com
FADISTEE,https://www.fadistee.com
Rave Review,https://www.ravereview.com
Vita Kin,https://www.vitakin.com
WUKA,https://www.wuka.com
Salich,https://www.salich.com
Enfant Terrible,https://www.enfantterrible.com
Louis Vuitton,https://www.louisvuitton.com
Paul Smith Eyewear,https://www.paulsmitheyewear.com
STOLEN GIRLFRIENDS CLUB,https://www.stolengirlfriendsclub.com
XZOUIX,https://www.xzouix.com
OPAQUE. CLIP,https://www.opaque.clip.com
LeatherStrata,https://www.leatherstrata.com
Elizabeth and James,https://www.elizabethandjames.com
G|FASHION,https://www.g|fashion.com
J.C. Rags,https://www.j.c.rags.com
Ryannology,https://www.ryannology.com
VOZ,https://www.voz.com
Craft Bazaar,https://www.craftbazaar.com
Terre De Cuir,https://www.terredecuir.com
Kusaga Athletic,https://www.kusagaathletic.com
Giyi,https://www.giyi.com
else,https://www.else.com
Kiki McDonough,https://www.kikimcdonough.com
Em & May,https://www.em&may.com
Nicholas Kirkwood,https://www.nicholaskirkwood.com
PJ Pan,https://www.pjpan.com
FIVE CM,https://www.fivecm.com
The Kenyan Crafts Company,https://www.thekenyancraftscompany.com
YMC,https://www.ymc.com
Silverstick,https://www.silverstick.com
ASK SCANDINAVIA,https://www.askscandinavia.com
Yogi Peace Club,https://www.yogipeaceclub.com
Kwiat,https://www.kwiat.com
Sand Snow Linen,https://www.sandsnowlinen.com
Tattered Eden,https://www.tatterededen.com
Matri,https://www.matri.com
Ionic Epic,https://www.ionicepic.com
Martina Spetlova,https://www.martinaspetlova.com
Cecilia Prado,https://www.ceciliaprado.com
oZtrALa,https://www.oztrala.com
Nina Nest,https://www.ninanest.com
Grüne Erde,https://www.grüneerde.com
BOTTLETOP,https://www.bottletop.com
Reina Olga,https://www.reinaolga.com
Tomo & Edie,https://www.tomo&edie.com
Frank And Oak,https://www.frankandoak.com
BoBo GloBal,https://www.boboglobal.com
Eleanna Katsira,https://www.eleannakatsira.com
ILYSM,https://www.ilysm.com
M.Gemi,https://www.m.gemi.com
Phipps,https://www.phipps.com
Aigle,https://www.aigle.com
Jyoti - Fair Works,https://www.jyoti-fairworks.com
Unrecorded,https://www.unrecorded.com
Iceberg,https://www.iceberg.com
Earl of East,https://www.earlofeast.com
Yes And,https://www.yesand.com
Erl,https://www.erl.com
Duke of London,https://www.dukeoflondon.com
Paule Ka,https://www.pauleka.com
Hopaal,https://www.hopaal.com
LONGEVITY LONDON,https://www.longevitylondon.com
Seegarn,https://www.seegarn.com
I.CODE,https://www.i.code.com
Jilly Designs,https://www.jillydesigns.com
AAR Products,https://www.aarproducts.com
Tekla,https://www.tekla.com
BCBGMAXAZRIA,https://www.bcbgmaxazria.com
Daisy Rose,https://www.daisyrose.com
Sagebrush Surf Bags,https://www.sagebrushsurfbags.com
Ripa Ripa,https://www.riparipa.com
Opera Sport,https://www.operasport.com
Cabochon,https://www.cabochon.com
Gaia Conceptions,https://www.gaiaconceptions.com
Mr Mittens,https://www.mrmittens.com
Tutu Du Monde,https://www.tutudumonde.com
Yvette LIBBY N'guyen,https://www.yvettelibbyn'guyen.com
Kenny Flowers,https://www.kennyflowers.com
Raíces by Maud,https://www.raícesbymaud.com
Untouched World,https://www.untouchedworld.com
BioTech USA,https://www.biotechusa.com
FIL DE VIE,https://www.fildevie.com
La Perla,https://www.laperla.com
Cambridge Satchel Co,https://www.cambridgesatchelco.com
The bonnie mob,https://www.thebonniemob.com
U-MASK,https://www.u-mask.com
Proclaim,https://www.proclaim.com
IRIEDAILY,https://www.iriedaily.com
SÜK Workwear,https://www.sükworkwear.com
Karhu,https://www.karhu.com
Escama Studio,https://www.escamastudio.com
TI SENTO,https://www.tisento.com
A Day's March,https://www.aday'smarch.com
Club Chainstitch,https://www.clubchainstitch.com
MADE BY SOCIETY,https://www.madebysociety.com
Apuweiser-riche,https://www.apuweiser-riche.com
Belle,https://www.belle.com
Kate Quinn,https://www.katequinn.com
Hylo Athletics,https://www.hyloathletics.com
Lipsy London,https://www.lipsylondon.com
ID.EIGHT,https://www.id.eight.com
DharmaCrafts,https://www.dharmacrafts.com
THEA WITH LOVE,https://www.theawithlove.com
Agua Bendita,https://www.aguabendita.com
Craft,https://www.craft.com
BB Sheep,https://www.bbsheep.com
CLUBE BOSSA,https://www.clubebossa.com
MUNS,https://www.muns.com
KAY KONECNA STUDIO,https://www.kaykonecnastudio.com
Zattura,https://www.zattura.com
Mr. Davis,https://www.mr.davis.com
Seed to Style,https://www.seedtostyle.com
Apricot,https://www.apricot.com
NINE TO FIVE,https://www.ninetofive.com
Wheelers.V,https://www.wheelers.v.com
Roller Rabbit,https://www.rollerrabbit.com
De Siershop,https://www.desiershop.com
Dwell and Slumber,https://www.dwellandslumber.com
Bonito,https://www.bonito.com
Irene Luft,https://www.ireneluft.com
Cabaia,https://www.cabaia.com
Leisure Lab,https://www.leisurelab.com
Orange Prints,https://www.orangeprints.com
Ibex,https://www.ibex.com
Molo,https://www.molo.com
earth creations,https://www.earthcreations.com
Santos by Monica,https://www.santosbymonica.com
Dyspnea,https://www.dyspnea.com
Phipps International,https://www.phippsinternational.com
Little Emperor,https://www.littleemperor.com
Marc O'Polo,https://www.marco'polo.com
LAmade Clothing,https://www.lamadeclothing.com
Djula,https://www.djula.com
Icebox,https://www.icebox.com
Equestrian Stockholm,https://www.equestrianstockholm.com
RBVretro,https://www.rbvretro.com
Therm,https://www.therm.com
Kleckerliese,https://www.kleckerliese.com
Anecdote,https://www.anecdote.com
Akuna Swimwear,https://www.akunaswimwear.com
Benoits Design Co,https://www.benoitsdesignco.com
bogdar,https://www.bogdar.com
RVDK,https://www.rvdk.com
Altered Apparel,https://www.alteredapparel.com
FORTHEFLY Customs,https://www.fortheflycustoms.com
AEXAE,https://www.aexae.com
Bluebuck,https://www.bluebuck.com
Le Loopas,https://www.leloopas.com
tentree,https://www.tentree.com
BAM Bamboo Clothing,https://www.bambambooclothing.com
Foot Locker,https://www.footlocker.com
Alter Made,https://www.altermade.com
Harber London,https://www.harberlondon.com
Parva Studios,https://www.parvastudios.com
Artknit Studios,https://www.artknitstudios.com
Loeffler Randall,https://www.loefflerrandall.com
Himalaya Clothing,https://www.himalayaclothing.com
Bunnies JR,https://www.bunniesjr.com
HYSTERIC GLAMOUR,https://www.hystericglamour.com
ROSE BUD,https://www.rosebud.com
Desert Dyes,https://www.desertdyes.com
